,0,1,2
0,com.example.babiescare.MainMenu.MainMenuSlidingActivity,0,0
1,com.example.babiescare.MainMenu.MainMenuSlidingActivity,13,0
2,com.example.babiescare._DiaryMemory._DiaryMenuNewFragmentActivity,15,0
3,com.example.babiescare._DiaryMemory._DiaryMenuNewFragmentActivity,3,0
4,com.example.babiescare.MainMenu.MainMenuSlidingActivity,3,0
5,com.example.babiescare.MainMenu.MainMenuSlidingActivity,2,0
6,com.example.babiescare._AppointmentGoogleCalendar._AppointmentFirstTabFragmentActivity,11,0
7,com.example.babiescare._AppointmentGoogleCalendar._AppointmentFirstTabFragmentActivity,74,0
8,com.example.babiescare._AppointmentGoogleCalendar._AppointmentFirstTabFragmentActivity,81,0
9,com.example.babiescare.MainMenu.MainMenuSlidingActivity,81,0
10,com.example.babiescare._AppointmentGoogleCalendar._AppointmentFirstTabFragmentActivity,2,0
11,com.example.babiescare._HomeScreen.Activity_CreateChild,13,0
12,com.example.babiescare._HomeScreen.Activity_CreateChild,7,2
13,com.example.babiescare._HomeScreen.Activity_CreateChild,6,2
14,com.example.babiescare._HomeScreen.Activity_CreateChild,8,3
15,com.example.babiescare._HomeScreen.Activity_CreateChild,5,0
16,com.example.babiescare._Growth._GrowthMainActivity,2,0
17,com.example.babiescare._Growth._GrowthMainActivity,11,0
18,com.example.babiescare._Growth._GrowthMainActivity,1,0
19,com.example.babiescare.MainMenu.MainMenuSlidingActivity,11,0
20,com.example.babiescare._HomeScreen.Activity_CreateChild,8,2
21,com.example.babiescare._HomeScreen.Activity_CreateChild,1,0
