,0,1,2
0,com.example.babiescare.MainMenu.MainMenuSlidingActivity,0,0
 
2,com.example.babiescare._HomeScreen.Activity_CreateChild,7,2
3,com.example.babiescare._HomeScreen.Activity_CreateChild,13,0
4,com.example.babiescare._HomeScreen.Activity_CreateChild,7,2
5,com.example.babiescare.MainMenu.MainMenuSlidingActivity,13,0
6,com.example.babiescare.MainMenu.MainMenuSlidingActivity,13,0
7,com.example.babiescare.MainMenu.MainMenuSlidingActivity,13,0
8,com.example.babiescare._HomeScreen.Activity_CreateChild,7,2
9,com.example.babiescare._HomeScreen.Activity_CreateChild,2,0
10,com.example.babiescare._HomeScreen.Activity_CreateChild,2,0
11,com.example.babiescare.MainMenu.MainMenuSlidingActivity,0,0
12,com.example.babiescare.MainMenu.MainMenuSlidingActivity,13,0
13,com.example.babiescare._HomeScreen.Activity_CreateChild,7,2
14,com.example.babiescare._HomeScreen.Activity_CreateChild,13,0
15,com.example.babiescare._HomeScreen.Activity_CreateChild,7,2
16,com.example.babiescare._HomeScreen.Activity_CreateChild,7,2
17,com.example.babiescare.MainMenu.MainMenuSlidingActivity,13,0
18,com.example.babiescare._HomeScreen.Activity_CreateChild,7,2
19,com.example.babiescare.MainMenu.MainMenuSlidingActivity,13,0
20,com.example.babiescare.MainMenu.MainMenuSlidingActivity,13,0
2 
22,com.example.babiescare._HomeScreen.Activity_CreateChild,7,2
23,com.example.babiescare._HomeScreen.Activity_CreateChild,7,2
24,com.example.babiescare._HomeScreen.Activity_CreateChild,6,2
25,com.example.babiescare.MainMenu.Main_SplashScreenActivity,0,0
26,com.example.babiescare.MainMenu.MainMenuSlidingActivity,0,0
27,com.example.babiescare.MainMenu.MainMenuSlidingActivity,13,0
28,com.example.babiescare._HomeScreen.Activity_CreateChild,7,2
29,com.example.babiescare._HomeScreen.Activity_CreateChild,2,0
30,com.example.babiescare.MainMenu.MainMenuSlidingActivity,0,0
3 
32,com.example.babiescare._HomeScreen.Activity_CreateChild,7,2
33,com.example.babiescare._HomeScreen.Activity_CreateChild,7,2
34,com.example.babiescare._HomeScreen.Activity_CreateChild,1,0
35,com.example.babiescare._HomeScreen.Activity_CreateChild,7,2
36,com.example.babiescare.MainMenu.MainMenuSlidingActivity,13,0
37,com.example.babiescare.MainMenu.MainMenuSlidingActivity,13,0
38,com.example.babiescare._HomeScreen.Activity_CreateChild,7,2
39,com.example.babiescare._HomeScreen.Activity_CreateChild,7,2
40,com.example.babiescare._HomeScreen.Activity_CreateChild,7,2
41,com.example.babiescare._HomeScreen.Activity_CreateChild,2,0
42,com.example.babiescare._HomeScreen.Activity_CreateChild,2,0
43,com.example.babiescare._HomeScreen.Activity_CreateChild,2,0
44,com.example.babiescare._HomeScreen.Activity_CreateChild,7,2
45,com.example.babiescare.MainMenu.MainMenuSlidingActivity,13,0
46,com.example.babiescare.MainMenu.MainMenuSlidingActivity,13,0
47,com.example.babiescare.MainMenu.MainMenuSlidingActivity,13,0
48,com.example.babiescare._HomeScreen.Activity_CreateChild,7,2
49,com.example.babiescare.MainMenu.Main_SplashScreenActivity,0,0
50,com.example.babiescare.MainMenu.MainMenuSlidingActivity,0,0
5 
52,com.example.babiescare._HomeScreen.Activity_CreateChild,7,2
53,com.example.babiescare._HomeScreen.Activity_CreateChild,8,2
54,com.example.babiescare._HomeScreen.Activity_CreateChild,3,0
55,com.example.babiescare._HomeScreen.Activity_CreateChild,8,2
56,com.example.babiescare._HomeScreen.Activity_CreateChild,3,0
57,com.example.babiescare._HomeScreen.Activity_CreateChild,8,2
58,com.example.babiescare.MainMenu.MainMenuSlidingActivity,13,0
59,com.example.babiescare._HomeScreen.Activity_CreateChild,7,2
60,com.example.babiescare._HomeScreen.Activity_CreateChild,13,0
61,com.example.babiescare._HomeScreen.Activity_CreateChild,7,2
62,com.example.babiescare._HomeScreen.Activity_CreateChild,2,0
63,com.example.babiescare._HomeScreen.Activity_CreateChild,2,0
64,com.example.babiescare._HomeScreen.Activity_CreateChild,7,2
65,com.example.babiescare._HomeScreen.Activity_CreateChild,2,0
66,com.example.babiescare._HomeScreen.Activity_CreateChild,2,0
67,com.example.babiescare._HomeScreen.Activity_CreateChild,2,0
68,com.example.babiescare._HomeScreen.Activity_CreateChild,2,0
69,com.example.babiescare.MainMenu.Main_SplashScreenActivity,0,0
70,com.example.babiescare.MainMenu.MainMenuSlidingActivity,0,0
7 
72,com.example.babiescare._HomeScreen.Activity_CreateChild,7,2
73,com.example.babiescare._HomeScreen.Activity_CreateChild,7,2
74,com.example.babiescare._HomeScreen.Activity_CreateChild,7,2
75,com.example.babiescare.MainMenu.MainMenuSlidingActivity,13,0
76,com.example.babiescare.MainMenu.MainMenuSlidingActivity,13,0
77,com.example.babiescare.MainMenu.MainMenuSlidingActivity,13,0
78,com.example.babiescare.MainMenu.MainMenuSlidingActivity,13,0
79,com.example.babiescare._HomeScreen.Activity_CreateChild,7,2
80,com.example.babiescare._HomeScreen.Activity_CreateChild,7,2
81,com.example.babiescare._HomeScreen.Activity_CreateChild,13,0
82,com.example.babiescare._HomeScreen.Activity_CreateChild,7,2
83,com.example.babiescare._HomeScreen.Activity_CreateChild,6,2
84,com.example.babiescare._HomeScreen.Activity_CreateChild,2,0
85,com.example.babiescare._HomeScreen.Activity_CreateChild,2,0
86,com.example.babiescare._HomeScreen.Activity_CreateChild,6,2
87,com.example.babiescare._HomeScreen.Activity_CreateChild,6,2
88,com.example.babiescare._HomeScreen.Activity_CreateChild,2,0
89,com.example.babiescare.MainMenu.MainMenuSlidingActivity,0,0
90,com.example.babiescare.MainMenu.Main_SplashScreenActivity,0,0
91,com.example.babiescare.MainMenu.MainMenuSlidingActivity,0,0
92,com.example.babiescare.MainMenu.MainMenuSlidingActivity,13,0
93,com.example.babiescare._HomeScreen.Activity_AddParent,4,1
94,com.example.babiescare._HomeScreen.Activity_AddParent,2,0
95,com.example.babiescare.MainMenu.MainMenuSlidingActivity,0,0
96,com.example.babiescare.MainMenu.MainMenuSlidingActivity,13,0
97,com.example.babiescare.MainMenu.MainMenuSlidingActivity,13,0
98,com.example.babiescare._HomeScreen.Activity_CreateChild,7,2
99,com.example.babiescare._HomeScreen.Activity_CreateChild,7,2
100,com.example.babiescare._HomeScreen.Activity_CreateChild,6,2
101,com.example.babiescare._HomeScreen.Activity_CreateChild,6,2
102,com.example.babiescare._HomeScreen.Activity_CreateChild,6,2
103,com.example.babiescare._HomeScreen.Activity_CreateChild,13,0
104,com.example.babiescare._HomeScreen.Activity_CreateChild,6,2
105,com.example.babiescare.MainMenu.MainMenuSlidingActivity,13,0
106,com.example.babiescare._HomeScreen.Activity_AddParent,4,1
107,com.example.babiescare.MainMenu.MainMenuSlidingActivity,13,0
108,com.example.babiescare.MainMenu.MainMenuSlidingActivity,15,0
109,com.example.babiescare.MainMenu.MainMenuSlidingActivity,13,0
110,com.example.babiescare._HomeScreen.Activity_AddParent,4,1
111,com.example.babiescare._HomeScreen.Activity_AddParent,4,1
112,com.example.babiescare._HomeScreen.Activity_AddParent,4,1
113,com.example.babiescare._HomeScreen.Activity_AddParent,4,1
114,com.example.babiescare.MainMenu.Main_SplashScreenActivity,0,0
115,com.example.babiescare.MainMenu.MainMenuSlidingActivity,0,0
116,com.example.babiescare.MainMenu.MainMenuSlidingActivity,13,0
117,com.example.babiescare._HomeScreen.Activity_CreateChild,7,2
118,com.example.babiescare._HomeScreen.Activity_CreateChild,7,2
119,com.example.babiescare._HomeScreen.Activity_CreateChild,2,0
120,com.example.babiescare._HomeScreen.Activity_CreateChild,7,2
121,com.example.babiescare._HomeScreen.Activity_CreateChild,7,2
122,com.example.babiescare._HomeScreen.Activity_CreateChild,6,2
123,com.example.babiescare._HomeScreen.Activity_CreateChild,6,2
124,com.example.babiescare.MainMenu.MainMenuSlidingActivity,13,0
125,com.example.babiescare.MainMenu.MainMenuSlidingActivity,0,0
126,com.example.babiescare.MainMenu.MainMenuSlidingActivity,13,0
127,com.example.babiescare._HomeScreen.Activity_CreateChild,7,2
128,com.example.babiescare._HomeScreen.Activity_CreateChild,2,0
129,com.example.babiescare.MainMenu.MainMenuSlidingActivity,0,0
130,com.example.babiescare.MainMenu.MainMenuSlidingActivity,13,0
131,com.example.babiescare._HomeScreen.Activity_CreateChild,7,2
132,com.example.babiescare._HomeScreen.Activity_CreateChild,7,2
133,com.example.babiescare._HomeScreen.Activity_CreateChild,2,0
134,com.example.babiescare._HomeScreen.Activity_CreateChild,2,0
135,com.example.babiescare._HomeScreen.Activity_CreateChild,7,2
136,com.example.babiescare.MainMenu.Main_SplashScreenActivity,0,0
137,com.example.babiescare.MainMenu.MainMenuSlidingActivity,0,0
138,com.example.babiescare.MainMenu.MainMenuSlidingActivity,13,0
139,com.example.babiescare._HomeScreen.Activity_AddParent,4,1
140,com.example.babiescare._HomeScreen.Activity_AddParent,4,1
141,com.example.babiescare._HomeScreen.Activity_AddParent,4,1
142,com.example.babiescare._HomeScreen.Activity_AddParent,2,0
143,com.example.babiescare.MainMenu.MainMenuSlidingActivity,0,0
144,com.example.babiescare.MainMenu.MainMenuSlidingActivity,13,0
145,com.example.babiescare.MainMenu.MainMenuSlidingActivity,13,0
146,com.example.babiescare.MainMenu.MainMenuSlidingActivity,13,0
147,com.example.babiescare.MainMenu.MainMenuSlidingActivity,13,0
148,com.example.babiescare._HomeScreen.Activity_CreateChild,7,2
149,com.example.babiescare._HomeScreen.Activity_CreateChild,7,2
150,com.example.babiescare._HomeScreen.Activity_CreateChild,1,0
151,com.example.babiescare._HomeScreen.Activity_CreateChild,7,2
152,com.example.babiescare.MainMenu.MainMenuSlidingActivity,13,0
153,com.example.babiescare._HomeScreen.Activity_CreateChild,7,2
154,com.example.babiescare._HomeScreen.Activity_CreateChild,2,0
155,com.example.babiescare._HomeScreen.Activity_CreateChild,2,0
156,com.example.babiescare._HomeScreen.Activity_CreateChild,2,0
157,com.example.babiescare._HomeScreen.Activity_CreateChild,2,0
158,com.example.babiescare.MainMenu.Main_SplashScreenActivity,0,0
159,com.example.babiescare.MainMenu.MainMenuSlidingActivity,0,0
160,com.example.babiescare.MainMenu.MainMenuSlidingActivity,13,0
161,com.example.babiescare._HomeScreen.Activity_CreateChild,7,2
162,com.example.babiescare._HomeScreen.Activity_CreateChild,7,2
163,com.example.babiescare._HomeScreen.Activity_CreateChild,13,0
164,com.example.babiescare._HomeScreen.Activity_CreateChild,7,2
165,com.example.babiescare._HomeScreen.Activity_CreateChild,2,0
166,com.example.babiescare._HomeScreen.Activity_CreateChild,2,0
167,com.example.babiescare._HomeScreen.Activity_CreateChild,2,0
168,com.example.babiescare._HomeScreen.Activity_CreateChild,2,0
169,com.example.babiescare._HomeScreen.Activity_CreateChild,7,2
170,com.example.babiescare._HomeScreen.Activity_CreateChild,1,0
171,com.example.babiescare._HomeScreen.Activity_CreateChild,1,0
172,com.example.babiescare._HomeScreen.Activity_CreateChild,7,2
173,com.example.babiescare._HomeScreen.Activity_CreateChild,7,2
174,com.example.babiescare._HomeScreen.Activity_CreateChild,2,0
175,com.example.babiescare.MainMenu.MainMenuSlidingActivity,0,0
176,com.example.babiescare.MainMenu.MainMenuSlidingActivity,13,0
177,com.example.babiescare._HomeScreen.Activity_CreateChild,7,2
178,com.example.babiescare.MainMenu.MainMenuSlidingActivity,13,0
179,com.example.babiescare._HomeScreen.Activity_CreateChild,7,2
180,com.example.babiescare.MainMenu.Main_SplashScreenActivity,0,0
181,com.example.babiescare.MainMenu.MainMenuSlidingActivity,0,0
182,com.example.babiescare.MainMenu.MainMenuSlidingActivity,13,0
183,com.example.babiescare._HomeScreen.Activity_AddParent,4,1
184,com.example.babiescare.MainMenu.MainMenuSlidingActivity,13,0
185,com.example.babiescare._HomeScreen.Activity_CreateChild,7,2
186,com.example.babiescare._HomeScreen.Activity_CreateChild,8,2
187,com.example.babiescare._HomeScreen.Activity_CreateChild,7,2
188,com.example.babiescare.MainMenu.MainMenuSlidingActivity,13,0
189,com.example.babiescare._HomeScreen.Activity_CreateChild,7,2
190,com.example.babiescare._HomeScreen.Activity_CreateChild,13,0
191,com.example.babiescare._HomeScreen.Activity_CreateChild,7,2
192,com.example.babiescare._HomeScreen.Activity_CreateChild,8,2
193,com.example.babiescare._HomeScreen.Activity_CreateChild,2,0
194,com.example.babiescare._HomeScreen.Activity_CreateChild,2,0
195,com.example.babiescare._HomeScreen.Activity_CreateChild,8,2
196,com.example.babiescare._HomeScreen.Activity_CreateChild,8,2
197,com.example.babiescare.MainMenu.Main_SplashScreenActivity,0,0
198,com.example.babiescare.MainMenu.MainMenuSlidingActivity,0,0
199,com.example.babiescare.MainMenu.MainMenuSlidingActivity,13,0
200,com.example.babiescare._HomeScreen.Activity_CreateChild,7,2
201,com.example.babiescare._HomeScreen.Activity_CreateChild,7,2
202,com.example.babiescare.MainMenu.MainMenuSlidingActivity,13,0
203,com.example.babiescare.MainMenu.MainMenuSlidingActivity,13,0
204,com.example.babiescare._HomeScreen.Activity_CreateChild,7,2
205,com.example.babiescare._HomeScreen.Activity_CreateChild,1,0
206,com.example.babiescare.MainMenu.Main_SplashScreenActivity,0,0
207,com.example.babiescare.MainMenu.MainMenuSlidingActivity,0,0
208,com.example.babiescare.MainMenu.MainMenuSlidingActivity,13,0
209,com.example.babiescare.MainMenu.MainMenuSlidingActivity,13,0
210,com.example.babiescare._HomeScreen.Activity_AddParent,4,1
211,com.example.babiescare._HomeScreen.Activity_AddParent,4,1
212,com.example.babiescare._HomeScreen.Activity_AddParent,4,1
213,com.example.babiescare.MainMenu.MainMenuSlidingActivity,13,0
214,com.example.babiescare._HomeScreen.Activity_CreateChild,7,2
215,com.example.babiescare._HomeScreen.Activity_CreateChild,7,2
216,com.example.babiescare.MainMenu.MainMenuSlidingActivity,13,0
217,com.example.babiescare._HomeScreen.Activity_CreateChild,7,2
218,com.example.babiescare._HomeScreen.Activity_CreateChild,7,2
219,com.example.babiescare._HomeScreen.Activity_CreateChild,8,2
220,com.example.babiescare._HomeScreen.Activity_CreateChild,7,2
221,com.example.babiescare._HomeScreen.Activity_CreateChild,13,0
222,com.example.babiescare._HomeScreen.Activity_CreateChild,13,0
223,com.example.babiescare._HomeScreen.Activity_CreateChild,7,2
224,com.example.babiescare.MainMenu.MainMenuSlidingActivity,13,0
225,com.example.babiescare.MainMenu.MainMenuSlidingActivity,13,0
226,com.example.babiescare._HomeScreen.Activity_CreateChild,7,2
227,com.example.babiescare._HomeScreen.Activity_CreateChild,7,2
228,com.example.babiescare.MainMenu.MainMenuSlidingActivity,13,0
229,com.example.babiescare.MainMenu.MainMenuSlidingActivity,13,0
230,com.example.babiescare.MainMenu.MainMenuSlidingActivity,13,0
231,com.example.babiescare._HomeScreen.Activity_CreateChild,7,2
232,com.example.babiescare.MainMenu.Main_SplashScreenActivity,0,0
233,com.example.babiescare.MainMenu.MainMenuSlidingActivity,0,0
234,com.example.babiescare.MainMenu.MainMenuSlidingActivity,0,0
235,com.example.babiescare.MainMenu.MainMenuSlidingActivity,13,0
236,com.example.babiescare.MainMenu.MainMenuSlidingActivity,13,0
237,com.example.babiescare._HomeScreen.Activity_CreateChild,7,2
238,com.example.babiescare._HomeScreen.Activity_CreateChild,2,0
239,com.example.babiescare._HomeScreen.Activity_CreateChild,7,2
240,com.example.babiescare._HomeScreen.Activity_CreateChild,8,2
241,com.example.babiescare._HomeScreen.Activity_CreateChild,3,0
242,com.example.babiescare._HomeScreen.Activity_CreateChild,8,2
243,com.example.babiescare._HomeScreen.Activity_CreateChild,1,0
244,com.example.babiescare._HomeScreen.Activity_CreateChild,8,2
245,com.example.babiescare._HomeScreen.Activity_CreateChild,8,3
246,com.example.babiescare._HomeScreen.Activity_CreateChild,3,0
247,com.example.babiescare._HomeScreen.Activity_CreateChild,8,3
248,com.example.babiescare._HomeScreen.Activity_CreateChild,1,0
249,com.example.babiescare._HomeScreen.Activity_CreateChild,8,3
250,com.example.babiescare.MainMenu.Main_SplashScreenActivity,0,0
251,com.example.babiescare.MainMenu.MainMenuSlidingActivity,0,0
252,com.example.babiescare.MainMenu.MainMenuSlidingActivity,13,0
253,com.example.babiescare.MainMenu.MainMenuSlidingActivity,13,0
254,com.example.babiescare._HomeScreen.Activity_CreateChild,7,2
255,com.example.babiescare._HomeScreen.Activity_CreateChild,1,0
256,com.example.babiescare._HomeScreen.Activity_CreateChild,7,2
257,com.example.babiescare._HomeScreen.Activity_CreateChild,7,2
258,com.example.babiescare._HomeScreen.Activity_CreateChild,7,2
259,com.example.babiescare._HomeScreen.Activity_CreateChild,6,2
260,com.example.babiescare._HomeScreen.Activity_CreateChild,7,2
261,com.example.babiescare._HomeScreen.Activity_CreateChild,7,2
262,com.example.babiescare._HomeScreen.Activity_CreateChild,13,0
263,com.example.babiescare._HomeScreen.Activity_CreateChild,7,2
264,com.example.babiescare._HomeScreen.Activity_CreateChild,3,0
265,com.example.babiescare._HomeScreen.Activity_CreateChild,7,2
266,com.example.babiescare._HomeScreen.Activity_CreateChild,7,2
267,com.example.babiescare.MainMenu.MainMenuSlidingActivity,13,0
268,com.example.babiescare._HomeScreen.Activity_CreateChild,7,2
269,com.example.babiescare._HomeScreen.Activity_CreateChild,7,2
270,com.example.babiescare.MainMenu.Main_SplashScreenActivity,0,0
271,com.example.babiescare.MainMenu.MainMenuSlidingActivity,0,0
272,com.example.babiescare.MainMenu.MainMenuSlidingActivity,13,0
273,com.example.babiescare._HomeScreen.Activity_CreateChild,7,2
274,com.example.babiescare.MainMenu.MainMenuSlidingActivity,13,0
275,com.example.babiescare._HomeScreen.Activity_CreateChild,7,2
276,com.example.babiescare.MainMenu.MainMenuSlidingActivity,13,0
277,com.example.babiescare.MainMenu.MainMenuSlidingActivity,13,0
278,com.example.babiescare.MainMenu.MainMenuSlidingActivity,13,0
279,com.example.babiescare._HomeScreen.Activity_CreateChild,7,2
280,com.example.babiescare._HomeScreen.Activity_CreateChild,2,0
281,com.example.babiescare._HomeScreen.Activity_CreateChild,2,0
282,com.example.babiescare.MainMenu.MainMenuSlidingActivity,0,0
283,com.example.babiescare.MainMenu.MainMenuSlidingActivity,13,0
284,com.example.babiescare.MainMenu.MainMenuSlidingActivity,13,0
285,com.example.babiescare.MainMenu.MainMenuSlidingActivity,13,0
286,com.example.babiescare.MainMenu.MainMenuSlidingActivity,15,0
287,com.example.babiescare._HomeScreen.Activity_CreateChild,7,2
288,com.example.babiescare.MainMenu.MainMenuSlidingActivity,15,0
289,com.example.babiescare._HomeScreen.Activity_CreateChild,7,2
290,com.example.babiescare._HomeScreen.Activity_CreateChild,7,2
291,com.example.babiescare.MainMenu.MainMenuSlidingActivity,15,0
292,com.example.babiescare._Vaccine._VaccineMainTabHostActivity,13,0
293,com.example.babiescare._Vaccine._VaccineListFragmentActivity,10,1
294,com.example.babiescare._Vaccine._VaccineListFragmentActivity,10,1
