,0,1,2
0,com.canva.app.editor.login.start.StartActivity,4,0
1,com.canva.app.editor.login.start.StartActivity,4,0
2,.common.account.AccountPickerActivity,2,0
3,com.canva.app.editor.login.start.StartActivity,4,0
4,com.canva.app.editor.home.HomeActivity,21,1
5,com.canva.app.editor.categorytree.CategoryTreeActivity,12,0
6,com.canva.app.editor.home.HomeActivity,21,1
7,com.canva.app.editor.categorytree.CategoryTreeActivity,12,0
8,com.canva.app.editor.categorytree.CategoryTreeActivity,12,0
9,com.canva.app.editor.home.HomeActivity,21,1
10,com.canva.app.editor.home.HomeActivity,22,1
11,com.canva.app.editor.home.HomeActivity,22,1
12,com.canva.app.editor.home.HomeActivity,14,1
13,com.canva.app.editor.home.HomeActivity,16,0
14,com.canva.app.editor.home.HomeActivity,21,1
15,com.canva.app.editor.home.HomeActivity,16,0
16,com.canva.app.editor.home.HomeActivity,16,0
17,com.canva.app.editor.login.start.StartActivity,4,0
18,com.canva.app.editor.login.start.StartActivity,4,0
19,com.canva.app.editor.login.start.StartActivity,4,0
20,com.canva.app.editor.login.start.StartActivity,4,0
21,com.canva.app.editor.login.email.EmailActivity,2,1
22,com.canva.app.editor.login.email.EmailActivity,2,1
23,com.canva.app.editor.login.email.EmailActivity,2,1
24,com.canva.app.editor.login.email.EmailActivity,2,1
25,com.canva.app.editor.login.start.StartActivity,0,0
26,com.canva.app.editor.login.start.StartActivity,4,0
27,com.canva.app.editor.login.start.StartActivity,4,0
28,com.canva.app.editor.home.HomeActivity,17,1
29,com.canva.app.editor.home.HomeActivity,18,1
30,com.canva.app.editor.home.HomeActivity,21,1
31,com.canva.app.editor.categorytree.CategoryTreeActivity,12,0
32,com.canva.app.editor.categorytree.CategoryTreeActivity,13,0
33,com.canva.app.editor.categorytree.CategoryTreeActivity,13,0
34,com.canva.app.editor.categorytree.CategoryTreeActivity,12,0
35,com.canva.app.editor.categorytree.CategoryTreeActivity,12,0
36,com.canva.app.editor.categorytree.CategoryTreeActivity,12,0
37,com.canva.app.editor.categorytree.CategoryTreeActivity,13,0
38,com.canva.app.editor.categorytree.CategoryTreeActivity,7,0
39,com.canva.app.editor.home.HomeActivity,21,1
40,com.canva.app.editor.home.HomeActivity,22,1
41,com.canva.app.editor.home.HomeActivity,22,1
42,com.canva.app.editor.home.HomeActivity,22,1
43,com.canva.app.editor.home.HomeActivity,26,1
44,com.canva.app.editor.home.HomeActivity,0,0
45,com.canva.app.editor.home.HomeActivity,21,1
46,com.canva.app.editor.login.start.StartActivity,4,0
47,com.canva.app.editor.login.start.StartActivity,4,0
48,com.canva.app.editor.login.email.EmailActivity,2,1
49,com.canva.app.editor.login.email.EmailActivity,2,1
50,com.canva.app.editor.login.email.EmailActivity,2,1
51,com.canva.app.editor.login.email.EmailActivity,2,1
52,com.canva.app.editor.login.start.StartActivity,4,0
53,com.canva.app.editor.login.start.StartActivity,4,0
54,com.canva.app.editor.login.email.EmailActivity,2,1
55,com.canva.app.editor.login.email.EmailActivity,2,1
56,com.canva.app.editor.login.email.EmailActivity,2,1
57,com.canva.app.editor.login.email.EmailActivity,2,1
58,com.canva.app.editor.login.start.StartActivity,4,0
59,com.canva.app.editor.login.start.StartActivity,4,0
60,com.canva.app.editor.login.start.StartActivity,4,0
61,com.facebook.FacebookActivity,16,2
62,com.facebook.FacebookActivity,0,0
63,com.facebook.FacebookActivity,19,0
64,com.facebook.FacebookActivity,0,0
65,com.facebook.FacebookActivity,14,2
66,com.canva.app.editor.login.start.StartActivity,0,0
67,com.canva.app.editor.login.start.StartActivity,4,0
68,com.facebook.FacebookActivity,16,2
69,com.facebook.FacebookActivity,0,0
70,com.facebook.FacebookActivity,6,1
71,com.facebook.FacebookActivity,6,1
72,com.canva.app.editor.login.start.StartActivity,4,0
73,com.canva.app.editor.login.start.StartActivity,4,0
74,com.facebook.FacebookActivity,14,2
75,com.canva.app.editor.login.start.StartActivity,4,0
76,com.facebook.FacebookActivity,14,2
77,com.facebook.FacebookActivity,0,0
78,com.facebook.FacebookActivity,20,0
79,com.facebook.FacebookActivity,0,0
80,com.facebook.FacebookActivity,14,2
81,com.facebook.FacebookActivity,5,2
82,com.facebook.FacebookActivity,16,2
83,com.facebook.FacebookActivity,17,2
84,com.facebook.FacebookActivity,6,2
85,com.canva.app.editor.login.start.StartActivity,4,0
86,com.canva.app.editor.login.email.EmailActivity,2,1
87,com.canva.app.editor.login.start.StartActivity,4,0
88,com.canva.app.editor.login.start.StartActivity,4,0
89,com.canva.app.editor.login.email.EmailActivity,2,1
90,com.canva.app.editor.login.email.EmailActivity,2,1
91,com.canva.app.editor.login.start.StartActivity,4,0
92,com.facebook.FacebookActivity,16,2
93,com.canva.app.editor.login.start.StartActivity,4,0
94,com.facebook.FacebookActivity,16,2
95,com.canva.app.editor.login.start.StartActivity,0,0
96,com.canva.app.editor.login.start.StartActivity,4,0
97,com.canva.app.editor.login.email.EmailActivity,2,1
98,com.canva.app.editor.login.email.EmailActivity,2,1
99,com.canva.app.editor.login.email.EmailActivity,2,1
100,com.canva.app.editor.login.start.StartActivity,4,0
101,com.canva.app.editor.login.start.StartActivity,4,0
102,com.canva.app.editor.login.start.StartActivity,4,0
103,com.canva.app.editor.login.email.EmailActivity,2,1
104,com.canva.app.editor.login.email.EmailActivity,2,1
105,com.canva.app.editor.login.email.EmailActivity,2,1
106,com.canva.app.editor.login.email.EmailActivity,2,1
107,com.canva.app.editor.login.email.EmailActivity,2,1
108,com.canva.app.editor.login.start.StartActivity,4,0
109,com.canva.app.editor.login.start.StartActivity,4,0
110,com.canva.app.editor.login.start.StartActivity,4,0
111,com.canva.app.editor.login.email.EmailActivity,2,1
112,com.canva.app.editor.login.email.EmailActivity,2,1
113,com.canva.app.editor.login.start.StartActivity,4,0
114,com.canva.app.editor.login.start.StartActivity,4,0
115,com.canva.app.editor.login.start.StartActivity,4,0
116,com.canva.app.editor.login.start.StartActivity,4,0
117,com.canva.app.editor.login.email.EmailActivity,2,1
118,com.canva.app.editor.login.start.StartActivity,4,0
119,com.canva.app.editor.splash.SplashActivity,0,0
120,com.canva.app.editor.login.start.StartActivity,4,0
121,com.canva.app.editor.login.email.EmailActivity,2,1
122,com.canva.app.editor.login.start.StartActivity,4,0
123,com.facebook.FacebookActivity,16,2
124,com.facebook.FacebookActivity,0,0
125,com.facebook.FacebookActivity,14,2
126,com.facebook.FacebookActivity,14,2
127,com.facebook.FacebookActivity,0,0
128,com.facebook.FacebookActivity,14,2
129,com.facebook.FacebookActivity,0,0
130,com.facebook.FacebookActivity,12,2
131,com.canva.app.editor.login.start.StartActivity,4,0
132,com.facebook.FacebookActivity,16,2
133,com.facebook.FacebookActivity,17,2
134,com.facebook.FacebookActivity,6,2
135,com.canva.app.editor.login.start.StartActivity,4,0
136,com.facebook.FacebookActivity,16,2
137,com.canva.app.editor.login.start.StartActivity,4,0
138,com.canva.app.editor.login.start.StartActivity,4,0
139,com.canva.app.editor.login.email.EmailActivity,2,1
140,com.canva.app.editor.login.email.EmailActivity,2,1
141,com.canva.app.editor.login.start.StartActivity,4,0
142,com.canva.app.editor.login.start.StartActivity,4,0
143,com.facebook.FacebookActivity,0,0
144,com.facebook.FacebookActivity,16,2
145,com.facebook.FacebookActivity,0,0
146,com.facebook.FacebookActivity,14,2
147,com.canva.app.editor.login.start.StartActivity,4,0
148,com.canva.app.editor.login.email.EmailActivity,2,1
149,com.canva.app.editor.login.start.StartActivity,4,0
150,com.canva.app.editor.login.start.StartActivity,0,0
151,com.canva.app.editor.login.start.StartActivity,4,0
152,com.canva.app.editor.login.start.StartActivity,4,0
153,com.canva.app.editor.login.start.StartActivity,4,0
154,com.canva.app.editor.login.start.StartActivity,4,0
155,com.canva.app.editor.login.email.EmailActivity,2,1
156,com.canva.app.editor.login.email.EmailActivity,2,1
157,com.canva.app.editor.login.email.EmailActivity,2,1
158,com.canva.app.editor.login.email.EmailSignUpActivity,3,1
159,com.canva.app.editor.login.email.EmailSignUpActivity,3,1
160,com.canva.app.editor.login.email.EmailSignUpActivity,2,1
161,com.canva.app.editor.home.HomeActivity,16,1
162,com.canva.app.editor.home.HomeActivity,26,1
163,com.canva.app.editor.categorytree.CategoryTreeActivity,12,0
164,com.canva.app.editor.home.HomeActivity,26,1
165,com.canva.app.editor.home.HomeActivity,19,0
166,com.canva.app.editor.home.HomeActivity,19,1
167,com.canva.app.editor.home.HomeActivity,20,1
168,com.canva.app.editor.home.HomeActivity,20,1
169,com.canva.app.editor.home.HomeActivity,26,1
170,com.canva.app.editor.home.HomeActivity,18,0
