,0,1,2
0,.app.LoginActivity,2,0
1,.signuplogin.SignupActivity,6,2
2,.signuplogin.SignupActivity,6,2
3,.app.LoginActivity,2,0
4,.app.LoginActivity,2,0
5,.app.LoginActivity,2,0
6,.onboarding.WelcomeFlowActivity,11,0
7,.onboarding.WelcomeFlowActivity,11,0
8,.onboarding.WelcomeFlowActivity,8,0
9,.onboarding.WelcomeFlowActivity,6,0
10,.onboarding.WelcomeFlowActivity,6,0
11,.onboarding.WelcomeFlowActivity,3,0
12,.onboarding.WelcomeFlowActivity,6,0
13,.onboarding.WelcomeFlowActivity,6,0
14,.onboarding.WelcomeFlowActivity,6,0
15,.onboarding.WelcomeFlowActivity,6,0
16,.onboarding.WelcomeFlowActivity,6,0
17,.onboarding.WelcomeFlowActivity,6,0
18,.onboarding.WelcomeFlowActivity,6,0
19,.home.HomeActivity,0,0
20,.onboarding.WelcomeFlowActivity,3,0
21,.onboarding.WelcomeFlowActivity,11,0
22,.onboarding.WelcomeFlowActivity,11,0
23,.onboarding.WelcomeFlowActivity,3,0
24,.onboarding.WelcomeFlowActivity,3,0
25,.session.Api2SessionActivity,0,0
26,.session.Api2SessionActivity,6,0
27,.session.Api2SessionActivity,6,0
28,.onboarding.WelcomeFlowActivity,3,0
29,.onboarding.WelcomeFlowActivity,3,0
30,.onboarding.WelcomeFlowActivity,3,0
31,.onboarding.WelcomeFlowActivity,3,0
32,.onboarding.WelcomeFlowActivity,3,0
33,.onboarding.PlacementTestExplainedActivity,2,0
34,.session.Api2SessionActivity,0,0
35,.session.Api2SessionActivity,4,0
36,.onboarding.WelcomeFlowActivity,3,0
37,.onboarding.WelcomeFlowActivity,3,0
38,.onboarding.PlacementTestExplainedActivity,2,0
39,.session.Api2SessionActivity,0,0
40,.session.Api2SessionActivity,5,0
41,.session.Api2SessionActivity,5,0
42,.session.Api2SessionActivity,5,0
43,.home.HomeActivity,0,0
44,.onboarding.WelcomeFlowActivity,3,0
45,.onboarding.WelcomeFlowActivity,3,0
46,.onboarding.WelcomeFlowActivity,11,0
47,.onboarding.WelcomeFlowActivity,3,0
48,.onboarding.WelcomeFlowActivity,11,0
49,.onboarding.WelcomeFlowActivity,11,0
50,.onboarding.WelcomeFlowActivity,11,0
51,.onboarding.WelcomeFlowActivity,11,0
52,.onboarding.WelcomeFlowActivity,3,0
53,.onboarding.WelcomeFlowActivity,3,0
54,.session.Api2SessionActivity,0,0
55,.session.Api2SessionActivity,0,0
56,.session.Api2SessionActivity,0,0
57,.session.Api2SessionActivity,0,0
58,.onboarding.WelcomeFlowActivity,3,0
59,.onboarding.WelcomeFlowActivity,3,0
60,.onboarding.PlacementTestExplainedActivity,2,0
61,.onboarding.PlacementTestExplainedActivity,2,0
62,.session.Api2SessionActivity,0,0
63,.session.Api2SessionActivity,9,0
64,.onboarding.WelcomeFlowActivity,3,0
65,.home.HomeActivity,0,0
66,.onboarding.WelcomeFlowActivity,3,0
67,.onboarding.WelcomeFlowActivity,3,0
68,.session.Api2SessionActivity,0,0
69,.session.Api2SessionActivity,6,0
70,.session.Api2SessionActivity,6,0
71,.onboarding.WelcomeFlowActivity,3,0
72,.onboarding.WelcomeFlowActivity,11,0
73,.onboarding.WelcomeFlowActivity,3,0
74,.onboarding.WelcomeFlowActivity,3,0
75,.onboarding.PlacementTestExplainedActivity,2,0
76,.onboarding.WelcomeFlowActivity,3,0
77,.onboarding.WelcomeFlowActivity,3,0
78,.session.Api2SessionActivity,0,0
79,.session.Api2SessionActivity,0,0
80,.onboarding.WelcomeFlowActivity,3,0
81,.onboarding.WelcomeFlowActivity,3,0
82,.session.Api2SessionActivity,0,0
83,.onboarding.WelcomeFlowActivity,3,0
84,.session.Api2SessionActivity,6,0
85,.session.Api2SessionActivity,6,0
86,.session.Api2SessionActivity,6,0
87,.session.Api2SessionActivity,6,0
88,.session.Api2SessionActivity,6,0
89,.session.Api2SessionActivity,6,0
90,.session.Api2SessionActivity,6,0
91,.home.HomeActivity,0,0
92,.onboarding.WelcomeFlowActivity,3,0
93,.onboarding.WelcomeFlowActivity,11,0
94,.onboarding.WelcomeFlowActivity,11,0
95,.onboarding.WelcomeFlowActivity,3,0
96,.onboarding.WelcomeFlowActivity,3,0
97,.onboarding.WelcomeFlowActivity,3,0
98,.onboarding.WelcomeFlowActivity,3,0
99,.session.Api2SessionActivity,0,0
100,.session.Api2SessionActivity,0,0
101,.session.Api2SessionActivity,0,0
102,.session.Api2SessionActivity,0,0
103,.session.Api2SessionActivity,0,0
104,.session.Api2SessionActivity,6,0
105,.session.Api2SessionActivity,6,0
106,.onboarding.WelcomeFlowActivity,3,0
107,.session.Api2SessionActivity,0,0
108,.session.Api2SessionActivity,6,0
109,.onboarding.WelcomeFlowActivity,3,0
110,.session.Api2SessionActivity,0,0
111,.session.Api2SessionActivity,6,0
112,.onboarding.WelcomeFlowActivity,3,0
113,.onboarding.WelcomeFlowActivity,3,0
114,.session.Api2SessionActivity,0,0
115,.onboarding.WelcomeFlowActivity,3,0
116,.home.HomeActivity,0,0
117,.onboarding.WelcomeFlowActivity,3,0
118,.onboarding.WelcomeFlowActivity,11,0
119,.onboarding.WelcomeFlowActivity,11,0
120,.onboarding.WelcomeFlowActivity,10,0
121,.onboarding.WelcomeFlowActivity,3,0
122,.onboarding.WelcomeFlowActivity,3,0
123,.onboarding.PlacementTestExplainedActivity,2,0
124,.session.Api2SessionActivity,0,0
125,.session.Api2SessionActivity,0,0
126,.session.Api2SessionActivity,0,0
127,.session.Api2SessionActivity,7,0
128,.session.Api2SessionActivity,7,0
129,.session.Api2SessionActivity,7,0
130,.session.Api2SessionActivity,7,0
131,.session.Api2SessionActivity,7,0
132,.session.Api2SessionActivity,7,0
133,.session.Api2SessionActivity,7,0
134,.onboarding.WelcomeFlowActivity,3,0
135,.onboarding.WelcomeFlowActivity,3,0
136,.home.HomeActivity,0,0
137,.onboarding.WelcomeFlowActivity,11,0
138,.onboarding.WelcomeFlowActivity,3,0
139,.onboarding.PlacementTestExplainedActivity,2,0
140,.session.Api2SessionActivity,0,0
141,.onboarding.WelcomeFlowActivity,3,0
142,.onboarding.PlacementTestExplainedActivity,2,0
143,.session.Api2SessionActivity,0,0
144,.session.Api2SessionActivity,12,0
145,.session.Api2SessionActivity,12,0
146,.session.Api2SessionActivity,12,0
147,.session.Api2SessionActivity,12,0
148,.session.Api2SessionActivity,12,0
149,.session.Api2SessionActivity,12,0
150,.session.Api2SessionActivity,5,0
151,.session.Api2SessionActivity,8,1
152,.session.Api2SessionActivity,8,1
153,.session.Api2SessionActivity,5,0
154,.session.Api2SessionActivity,13,0
155,.session.Api2SessionActivity,13,0
156,.session.Api2SessionActivity,6,0
157,.onboarding.WelcomeFlowActivity,3,0
158,.onboarding.WelcomeFlowActivity,3,0
159,.home.HomeActivity,0,0
160,.onboarding.WelcomeFlowActivity,3,0
161,.onboarding.PlacementTestExplainedActivity,2,0
162,.onboarding.WelcomeFlowActivity,3,0
163,.onboarding.WelcomeFlowActivity,11,0
164,.onboarding.WelcomeFlowActivity,3,0
165,.session.Api2SessionActivity,0,0
166,.session.Api2SessionActivity,6,0
167,.session.Api2SessionActivity,6,0
168,.session.Api2SessionActivity,6,0
169,.onboarding.WelcomeFlowActivity,3,0
170,.session.Api2SessionActivity,6,0
171,.onboarding.WelcomeFlowActivity,3,0
172,.session.Api2SessionActivity,6,0
173,.session.Api2SessionActivity,6,0
174,.session.Api2SessionActivity,6,0
175,.session.Api2SessionActivity,4,0
176,.session.Api2SessionActivity,7,1
177,.session.Api2SessionActivity,7,1
178,.session.Api2SessionActivity,7,1
179,.session.Api2SessionActivity,7,1
180,.session.Api2SessionActivity,7,1
181,.session.Api2SessionActivity,7,1
182,.session.Api2SessionActivity,7,1
183,.home.HomeActivity,0,0
184,.onboarding.WelcomeFlowActivity,3,0
185,.onboarding.PlacementTestExplainedActivity,2,0
186,.onboarding.PlacementTestExplainedActivity,2,0
187,.onboarding.WelcomeFlowActivity,3,0
188,.session.Api2SessionActivity,6,0
189,.session.Api2SessionActivity,6,0
190,.session.Api2SessionActivity,6,0
191,.session.Api2SessionActivity,6,0
192,.onboarding.WelcomeFlowActivity,3,0
193,.session.Api2SessionActivity,6,0
194,.session.Api2SessionActivity,6,0
195,.session.Api2SessionActivity,6,0
196,.session.Api2SessionActivity,6,0
197,.session.Api2SessionActivity,6,0
198,.session.Api2SessionActivity,6,0
199,.onboarding.WelcomeFlowActivity,3,0
200,.session.Api2SessionActivity,0,0
201,.session.Api2SessionActivity,6,0
202,.session.Api2SessionActivity,6,0
203,.session.Api2SessionActivity,6,0
204,.session.Api2SessionActivity,4,0
205,.session.Api2SessionActivity,7,1
206,.session.Api2SessionActivity,7,1
207,.home.HomeActivity,0,0
208,.onboarding.WelcomeFlowActivity,3,0
209,.onboarding.WelcomeFlowActivity,11,0
210,.onboarding.WelcomeFlowActivity,11,0
211,.onboarding.WelcomeFlowActivity,3,0
212,.onboarding.WelcomeFlowActivity,3,0
213,.session.Api2SessionActivity,0,0
214,.session.Api2SessionActivity,6,0
215,.session.Api2SessionActivity,6,0
216,.session.Api2SessionActivity,6,0
217,.session.Api2SessionActivity,6,0
218,.session.Api2SessionActivity,6,0
219,.onboarding.WelcomeFlowActivity,3,0
220,.onboarding.WelcomeFlowActivity,3,0
221,.onboarding.PlacementTestExplainedActivity,2,0
222,.onboarding.PlacementTestExplainedActivity,2,0
223,.session.Api2SessionActivity,0,0
224,.session.Api2SessionActivity,11,0
225,.onboarding.WelcomeFlowActivity,3,0
226,.onboarding.WelcomeFlowActivity,3,0
227,.onboarding.WelcomeFlowActivity,3,0
228,.session.Api2SessionActivity,6,0
229,.session.Api2SessionActivity,6,0
230,.home.HomeActivity,0,0
231,.onboarding.WelcomeFlowActivity,3,0
232,.onboarding.WelcomeFlowActivity,3,0
233,.session.Api2SessionActivity,6,0
234,.onboarding.WelcomeFlowActivity,3,0
235,.onboarding.WelcomeFlowActivity,3,0
236,.session.Api2SessionActivity,6,0
237,.session.Api2SessionActivity,6,0
238,.session.Api2SessionActivity,6,0
239,.session.Api2SessionActivity,6,0
240,.session.Api2SessionActivity,4,0
241,.session.Api2SessionActivity,2,0
242,.session.Api2SessionActivity,4,0
243,.session.Api2SessionActivity,4,0
244,.session.Api2SessionActivity,2,0
245,.session.Api2SessionActivity,2,0
246,.session.Api2SessionActivity,2,0
247,.session.Api2SessionActivity,4,0
248,.session.Api2SessionActivity,4,0
249,.session.Api2SessionActivity,4,0
250,.home.HomeActivity,0,0
251,.onboarding.WelcomeFlowActivity,3,0
252,.session.Api2SessionActivity,6,0
253,.onboarding.WelcomeFlowActivity,3,0
254,.onboarding.WelcomeFlowActivity,11,0
255,.onboarding.WelcomeFlowActivity,11,0
256,.onboarding.WelcomeFlowActivity,3,0
257,.onboarding.WelcomeFlowActivity,3,0
258,.onboarding.WelcomeFlowActivity,3,0
259,.onboarding.WelcomeFlowActivity,3,0
260,.onboarding.PlacementTestExplainedActivity,2,0
261,.onboarding.PlacementTestExplainedActivity,2,0
262,.onboarding.PlacementTestExplainedActivity,2,0
263,.onboarding.WelcomeFlowActivity,3,0
264,.session.Api2SessionActivity,6,0
265,.session.Api2SessionActivity,6,0
266,.session.Api2SessionActivity,6,0
267,.session.Api2SessionActivity,3,0
268,.session.Api2SessionActivity,6,0
269,.onboarding.WelcomeFlowActivity,3,0
270,.session.Api2SessionActivity,6,0
271,.onboarding.WelcomeFlowActivity,3,0
272,.onboarding.PlacementTestExplainedActivity,2,0
273,.onboarding.WelcomeFlowActivity,3,0
274,.onboarding.PlacementTestExplainedActivity,2,0
275,.session.Api2SessionActivity,0,0
276,.session.Api2SessionActivity,8,0
277,.session.Api2SessionActivity,8,0
278,.session.Api2SessionActivity,8,0
279,.onboarding.WelcomeFlowActivity,3,0
280,.home.HomeActivity,0,0
281,.onboarding.WelcomeFlowActivity,3,0
282,.onboarding.WelcomeFlowActivity,11,0
283,.onboarding.WelcomeFlowActivity,3,0
284,.session.Api2SessionActivity,0,0
285,.session.Api2SessionActivity,6,0
286,.onboarding.WelcomeFlowActivity,3,0
287,.onboarding.WelcomeFlowActivity,3,0
288,.onboarding.PlacementTestExplainedActivity,2,0
289,.session.Api2SessionActivity,0,0
290,.session.Api2SessionActivity,0,0
291,.session.Api2SessionActivity,11,0
292,.session.Api2SessionActivity,11,0
293,.session.Api2SessionActivity,4,0
294,.onboarding.WelcomeFlowActivity,3,0
295,.onboarding.WelcomeFlowActivity,3,0
296,.onboarding.PlacementTestExplainedActivity,2,0
297,.onboarding.PlacementTestExplainedActivity,2,0
298,.session.Api2SessionActivity,0,0
299,.session.Api2SessionActivity,12,0
300,.session.Api2SessionActivity,12,0
301,.session.Api2SessionActivity,12,0
302,.session.Api2SessionActivity,12,0
303,.onboarding.WelcomeFlowActivity,3,0
304,.onboarding.PlacementTestExplainedActivity,2,0
305,.session.Api2SessionActivity,0,0
306,.session.Api2SessionActivity,0,0
307,.onboarding.WelcomeFlowActivity,3,0
308,.session.Api2SessionActivity,0,0
309,.home.HomeActivity,0,0
310,.onboarding.WelcomeFlowActivity,0,0
311,.onboarding.WelcomeFlowActivity,3,0
312,.onboarding.WelcomeFlowActivity,3,0
313,.onboarding.WelcomeFlowActivity,3,0
314,.onboarding.WelcomeFlowActivity,3,0
315,.onboarding.WelcomeFlowActivity,3,0
316,.session.Api2SessionActivity,6,0
317,.session.Api2SessionActivity,6,0
318,.session.Api2SessionActivity,6,0
319,.onboarding.WelcomeFlowActivity,3,0
320,.onboarding.WelcomeFlowActivity,11,0
321,.onboarding.WelcomeFlowActivity,3,0
322,.onboarding.PlacementTestExplainedActivity,2,0
323,.onboarding.WelcomeFlowActivity,3,0
324,.session.Api2SessionActivity,0,0
325,.session.Api2SessionActivity,0,0
326,.session.Api2SessionActivity,0,0
327,.session.Api2SessionActivity,0,0
328,.session.Api2SessionActivity,0,0
329,.session.Api2SessionActivity,6,0
330,.home.HomeActivity,0,0
331,.onboarding.WelcomeFlowActivity,3,0
332,.session.Api2SessionActivity,0,0
333,.session.Api2SessionActivity,0,0
334,.session.Api2SessionActivity,6,0
335,.session.Api2SessionActivity,6,0
336,.onboarding.WelcomeFlowActivity,3,0
337,.onboarding.WelcomeFlowActivity,11,0
338,.onboarding.WelcomeFlowActivity,11,0
339,.onboarding.WelcomeFlowActivity,3,0
340,.onboarding.PlacementTestExplainedActivity,2,0
341,.session.Api2SessionActivity,0,0
342,.session.Api2SessionActivity,0,0
343,.session.Api2SessionActivity,0,0
344,.onboarding.WelcomeFlowActivity,3,0
345,.onboarding.WelcomeFlowActivity,3,0
346,.session.Api2SessionActivity,0,0
347,.session.Api2SessionActivity,0,0
348,.session.Api2SessionActivity,0,0
349,.session.Api2SessionActivity,0,0
350,.session.Api2SessionActivity,0,0
351,.session.Api2SessionActivity,0,0
352,.session.Api2SessionActivity,0,0
353,.home.HomeActivity,0,0
354,.onboarding.WelcomeFlowActivity,0,0
355,.onboarding.WelcomeFlowActivity,3,0
356,.onboarding.WelcomeFlowActivity,3,0
357,.session.Api2SessionActivity,0,0
358,.session.Api2SessionActivity,6,0
359,.onboarding.WelcomeFlowActivity,3,0
360,.onboarding.WelcomeFlowActivity,3,0
361,.onboarding.PlacementTestExplainedActivity,2,0
362,.onboarding.PlacementTestExplainedActivity,2,0
363,.onboarding.WelcomeFlowActivity,3,0
364,.onboarding.PlacementTestExplainedActivity,2,0
365,.onboarding.WelcomeFlowActivity,3,0
366,.session.Api2SessionActivity,0,0
367,.session.Api2SessionActivity,6,0
368,.onboarding.WelcomeFlowActivity,3,0
369,.onboarding.WelcomeFlowActivity,11,0
370,.onboarding.WelcomeFlowActivity,11,0
371,.onboarding.WelcomeFlowActivity,3,0
372,.onboarding.WelcomeFlowActivity,3,0
373,.onboarding.WelcomeFlowActivity,3,0
374,.onboarding.PlacementTestExplainedActivity,2,0
375,.onboarding.WelcomeFlowActivity,3,0
376,.onboarding.WelcomeFlowActivity,3,0
377,.onboarding.PlacementTestExplainedActivity,2,0
378,.onboarding.WelcomeFlowActivity,3,0
379,.session.Api2SessionActivity,6,0
380,.session.Api2SessionActivity,6,0
381,.session.Api2SessionActivity,6,0
382,.session.Api2SessionActivity,6,0
383,.home.HomeActivity,0,0
384,.onboarding.WelcomeFlowActivity,3,0
385,.onboarding.WelcomeFlowActivity,3,0
386,.onboarding.PlacementTestExplainedActivity,2,0
387,.onboarding.WelcomeFlowActivity,3,0
388,.session.Api2SessionActivity,6,0
389,.session.Api2SessionActivity,6,0
390,.session.Api2SessionActivity,6,0
391,.onboarding.WelcomeFlowActivity,3,0
392,.session.Api2SessionActivity,6,0
393,.session.Api2SessionActivity,6,0
394,.session.Api2SessionActivity,6,0
395,.onboarding.WelcomeFlowActivity,3,0
396,.onboarding.PlacementTestExplainedActivity,2,0
397,.session.Api2SessionActivity,0,0
398,.session.Api2SessionActivity,9,0
399,.session.Api2SessionActivity,9,0
400,.session.Api2SessionActivity,9,0
401,.session.Api2SessionActivity,9,0
402,.onboarding.WelcomeFlowActivity,3,0
403,.onboarding.PlacementTestExplainedActivity,2,0
404,.onboarding.WelcomeFlowActivity,3,0
405,.onboarding.PlacementTestExplainedActivity,2,0
406,.onboarding.PlacementTestExplainedActivity,2,0
407,.onboarding.WelcomeFlowActivity,3,0
408,.session.Api2SessionActivity,6,0
409,.session.Api2SessionActivity,6,0
410,.session.Api2SessionActivity,6,0
411,.session.Api2SessionActivity,6,0
412,.session.Api2SessionActivity,6,0
413,.session.Api2SessionActivity,6,0
414,.home.HomeActivity,0,0
415,.onboarding.WelcomeFlowActivity,3,0
416,.session.Api2SessionActivity,6,0
417,.session.Api2SessionActivity,6,0
418,.session.Api2SessionActivity,6,0
419,.onboarding.WelcomeFlowActivity,3,0
420,.onboarding.WelcomeFlowActivity,11,0
421,.onboarding.WelcomeFlowActivity,3,0
422,.onboarding.WelcomeFlowActivity,3,0
423,.onboarding.WelcomeFlowActivity,3,0
424,.onboarding.WelcomeFlowActivity,3,0
425,.onboarding.WelcomeFlowActivity,3,0
426,.onboarding.PlacementTestExplainedActivity,2,0
427,.session.Api2SessionActivity,0,0
428,.session.Api2SessionActivity,0,0
429,.session.Api2SessionActivity,6,0
430,.session.Api2SessionActivity,6,0
431,.session.Api2SessionActivity,6,0
432,.session.Api2SessionActivity,4,0
433,.onboarding.WelcomeFlowActivity,3,0
434,.onboarding.WelcomeFlowActivity,3,0
435,.session.Api2SessionActivity,0,0
436,.session.Api2SessionActivity,6,0
437,.home.HomeActivity,0,0
438,.onboarding.WelcomeFlowActivity,3,0
439,.onboarding.PlacementTestExplainedActivity,2,0
440,.session.Api2SessionActivity,0,0
441,.session.Api2SessionActivity,6,0
