,0,1,2
0,.view.InitActivity,2,0
1,.view.InitActivity,5,0
2,.view.InitActivity,5,0
3,com.thefinestartist.finestwebview.FinestWebViewActivity,2,0
4,.view.InitActivity,5,0
5,.view.InitActivity,5,0
6,.view.InitActivity,5,0
7,com.thefinestartist.finestwebview.FinestWebViewActivity,2,0
8,com.thefinestartist.finestwebview.FinestWebViewActivity,7,0
9,com.thefinestartist.finestwebview.FinestWebViewActivity,2,0
10,com.thefinestartist.finestwebview.FinestWebViewActivity,7,0
11,.WebViewBrowserActivity,0,0
12,.view.InitActivity,2,0
13,.view.InitActivity,5,0
14,.view.InitActivity,5,0
15,.view.InitActivity,5,0
16,.view.InitActivity,5,0
17,.view.HomeActivity,0,0
18,.view.HomeActivity,3,0
19,.view.HomeActivity,2,2
20,.view.HomeActivity,2,2
21,.view.InitActivity,5,0
22,.view.InitActivity,5,0
23,.view.InitActivity,2,2
24,.view.InitActivity,2,2
25,.view.InitActivity,2,2
26,.view.InitActivity,2,2
27,.view.InitActivity,2,2
28,.view.InitActivity,3,0
29,.view.InitActivity,2,2
30,.view.InitActivity,2,2
31,.view.InitActivity,2,2
32,.view.InitActivity,2,2
33,.view.InitActivity,2,2
34,.view.InitActivity,3,0
35,.view.InitActivity,2,2
36,.view.InitActivity,2,2
37,.view.InitActivity,2,0
38,.view.InitActivity,5,0
39,com.thefinestartist.finestwebview.FinestWebViewActivity,2,0
40,com.thefinestartist.finestwebview.FinestWebViewActivity,0,0
41,com.thefinestartist.finestwebview.FinestWebViewActivity,2,0
42,com.thefinestartist.finestwebview.FinestWebViewActivity,7,0
43,com.thefinestartist.finestwebview.FinestWebViewActivity,2,0
44,.view.InitActivity,5,0
45,.view.InitActivity,2,2
46,.view.InitActivity,2,2
47,.view.InitActivity,2,2
48,.view.InitActivity,2,2
49,.view.InitActivity,3,0
50,.view.InitActivity,2,2
51,.view.InitActivity,2,2
52,.view.InitActivity,2,2
53,.view.InitActivity,3,0
54,.view.InitActivity,2,2
55,.view.InitActivity,2,0
56,.view.InitActivity,5,0
57,.view.InitActivity,5,0
58,com.thefinestartist.finestwebview.FinestWebViewActivity,2,0
59,com.thefinestartist.finestwebview.FinestWebViewActivity,0,0
60,com.thefinestartist.finestwebview.FinestWebViewActivity,2,0
61,com.thefinestartist.finestwebview.FinestWebViewActivity,7,0
62,com.thefinestartist.finestwebview.FinestWebViewActivity,2,0
63,.view.InitActivity,5,0
64,.view.InitActivity,2,2
65,.view.InitActivity,2,2
66,.view.InitActivity,3,0
67,.view.InitActivity,2,2
68,.view.InitActivity,3,0
69,.view.InitActivity,2,2
70,.view.InitActivity,2,2
71,.view.InitActivity,3,0
72,.view.InitActivity,2,2
73,.view.InitActivity,2,0
74,.view.InitActivity,5,0
75,com.thefinestartist.finestwebview.FinestWebViewActivity,2,0
76,com.thefinestartist.finestwebview.FinestWebViewActivity,7,0
77,com.thefinestartist.finestwebview.FinestWebViewActivity,2,0
78,com.thefinestartist.finestwebview.FinestWebViewActivity,2,0
79,.view.InitActivity,5,0
80,.view.InitActivity,5,0
81,com.thefinestartist.finestwebview.FinestWebViewActivity,2,0
82,.view.InitActivity,5,0
83,.view.InitActivity,5,0
84,com.thefinestartist.finestwebview.FinestWebViewActivity,2,0
85,.view.InitActivity,5,0
86,.view.InitActivity,5,0
87,.view.InitActivity,2,2
88,.view.InitActivity,2,2
89,.view.InitActivity,3,0
90,.view.InitActivity,2,2
91,.view.InitActivity,2,2
92,.view.InitActivity,3,0
93,.view.InitActivity,2,2
94,.view.InitActivity,3,0
95,.view.InitActivity,2,0
96,.view.InitActivity,5,0
97,com.thefinestartist.finestwebview.FinestWebViewActivity,2,0
98,.view.InitActivity,5,0
99,.view.InitActivity,5,0
100,.view.HomeActivity,3,0
101,.view.HomeActivity,2,2
102,.view.HomeActivity,3,0
103,.view.HomeActivity,2,2
104,.view.HomeActivity,2,2
105,.view.HomeActivity,2,2
106,.view.HomeActivity,2,2
107,.view.HomeActivity,2,2
108,.view.HomeActivity,2,2
109,.view.HomeActivity,2,2
110,.view.HomeActivity,2,2
111,.view.HomeActivity,2,2
112,.view.HomeActivity,2,2
113,.view.HomeActivity,2,2
114,.view.InitActivity,5,0
115,.view.InitActivity,5,0
116,.view.InitActivity,5,0
117,com.thefinestartist.finestwebview.FinestWebViewActivity,2,0
118,com.thefinestartist.finestwebview.FinestWebViewActivity,0,0
119,com.thefinestartist.finestwebview.FinestWebViewActivity,0,0
120,com.thefinestartist.finestwebview.FinestWebViewActivity,0,0
121,.view.InitActivity,5,0
122,.view.InitActivity,5,0
123,com.thefinestartist.finestwebview.FinestWebViewActivity,2,0
124,com.thefinestartist.finestwebview.FinestWebViewActivity,7,0
125,com.thefinestartist.finestwebview.FinestWebViewActivity,2,0
126,com.thefinestartist.finestwebview.FinestWebViewActivity,7,0
127,.WebViewBrowserActivity,2,1
128,.view.InitActivity,2,0
129,.view.InitActivity,5,0
130,.view.InitActivity,2,2
131,.view.InitActivity,2,2
132,.view.InitActivity,2,2
133,.view.InitActivity,2,2
134,.view.InitActivity,2,0
135,.view.InitActivity,5,0
136,com.thefinestartist.finestwebview.FinestWebViewActivity,2,0
137,com.thefinestartist.finestwebview.FinestWebViewActivity,0,0
138,com.thefinestartist.finestwebview.FinestWebViewActivity,0,0
139,.view.InitActivity,5,0
140,.view.InitActivity,2,0
141,.view.InitActivity,5,0
142,.view.InitActivity,5,0
143,com.thefinestartist.finestwebview.FinestWebViewActivity,2,0
144,com.thefinestartist.finestwebview.FinestWebViewActivity,0,0
145,com.thefinestartist.finestwebview.FinestWebViewActivity,0,0
146,com.thefinestartist.finestwebview.FinestWebViewActivity,0,0
147,com.thefinestartist.finestwebview.FinestWebViewActivity,0,0
148,com.thefinestartist.finestwebview.FinestWebViewActivity,0,0
149,com.thefinestartist.finestwebview.FinestWebViewActivity,0,0
150,com.thefinestartist.finestwebview.FinestWebViewActivity,0,0
151,com.thefinestartist.finestwebview.FinestWebViewActivity,0,0
152,com.thefinestartist.finestwebview.FinestWebViewActivity,0,0
153,.view.InitActivity,2,0
154,.view.InitActivity,5,0
155,.view.InitActivity,5,0
156,com.thefinestartist.finestwebview.FinestWebViewActivity,2,0
157,com.thefinestartist.finestwebview.FinestWebViewActivity,7,0
158,com.thefinestartist.finestwebview.FinestWebViewActivity,3,0
159,com.thefinestartist.finestwebview.FinestWebViewActivity,0,0
160,.view.InitActivity,5,0
161,.view.InitActivity,5,0
162,.view.InitActivity,5,0
163,.view.InitActivity,5,0
164,.view.InitActivity,5,0
165,.view.InitActivity,5,0
166,com.thefinestartist.finestwebview.FinestWebViewActivity,2,0
167,.view.InitActivity,5,0
168,.view.InitActivity,5,0
169,.view.InitActivity,2,2
170,.view.InitActivity,2,2
171,.view.InitActivity,2,2
172,.view.InitActivity,2,2
173,.view.InitActivity,2,0
174,.view.InitActivity,5,0
175,.view.InitActivity,5,0
176,.view.InitActivity,5,0
177,com.thefinestartist.finestwebview.FinestWebViewActivity,2,0
178,com.thefinestartist.finestwebview.FinestWebViewActivity,7,0
179,.WebViewBrowserActivity,2,1
180,.view.InitActivity,2,0
181,.view.InitActivity,5,0
182,.view.InitActivity,5,0
183,.view.InitActivity,5,0
184,.view.InitActivity,5,0
185,com.thefinestartist.finestwebview.FinestWebViewActivity,2,0
186,com.thefinestartist.finestwebview.FinestWebViewActivity,7,0
187,com.thefinestartist.finestwebview.FinestWebViewActivity,2,0
188,com.thefinestartist.finestwebview.FinestWebViewActivity,7,0
189,.WebViewBrowserActivity,2,1
190,.view.InitActivity,2,0
191,.view.InitActivity,5,0
192,.view.InitActivity,5,0
193,.view.InitActivity,5,0
194,.view.InitActivity,2,0
195,.view.InitActivity,5,0
196,com.thefinestartist.finestwebview.FinestWebViewActivity,2,0
197,com.thefinestartist.finestwebview.FinestWebViewActivity,0,0
198,.view.InitActivity,5,0
199,.view.InitActivity,5,0
200,.view.InitActivity,5,0
201,.view.InitActivity,2,0
202,.view.InitActivity,5,0
203,.view.InitActivity,5,0
204,com.thefinestartist.finestwebview.FinestWebViewActivity,2,0
205,com.thefinestartist.finestwebview.FinestWebViewActivity,2,0
206,com.thefinestartist.finestwebview.FinestWebViewActivity,2,0
207,com.thefinestartist.finestwebview.FinestWebViewActivity,7,0
208,com.android.internal.app.ChooserActivity,5,0
209,.view.InitActivity,2,0
210,.view.InitActivity,5,0
211,com.thefinestartist.finestwebview.FinestWebViewActivity,2,0
212,.view.InitActivity,5,0
213,.view.InitActivity,2,2
214,.view.InitActivity,2,2
215,.view.InitActivity,3,0
216,.view.InitActivity,2,2
217,.view.InitActivity,2,0
218,.view.InitActivity,5,0
219,.view.InitActivity,2,2
220,.view.InitActivity,2,2
221,.view.InitActivity,2,2
222,.view.InitActivity,2,2
223,.view.InitActivity,2,2
224,.view.InitActivity,3,0
225,.view.InitActivity,2,2
226,.view.InitActivity,2,2
227,.view.InitActivity,2,2
228,.view.InitActivity,2,2
229,.view.InitActivity,2,2
230,.view.InitActivity,2,2
231,.view.InitActivity,2,2
232,.view.InitActivity,3,0
233,.view.InitActivity,2,0
234,.view.InitActivity,5,0
235,.view.InitActivity,5,0
236,.view.InitActivity,5,0
237,.view.InitActivity,5,0
238,.view.InitActivity,5,0
239,.view.InitActivity,5,0
240,.view.InitActivity,5,0
241,com.thefinestartist.finestwebview.FinestWebViewActivity,2,0
242,com.thefinestartist.finestwebview.FinestWebViewActivity,2,0
243,com.thefinestartist.finestwebview.FinestWebViewActivity,7,0
244,.WebViewBrowserActivity,2,1
245,.view.InitActivity,2,0
246,.view.InitActivity,5,0
247,com.thefinestartist.finestwebview.FinestWebViewActivity,2,0
248,com.thefinestartist.finestwebview.FinestWebViewActivity,7,0
249,com.android.internal.app.ChooserActivity,5,0
250,.view.InitActivity,2,0
251,.view.InitActivity,5,0
252,.view.InitActivity,5,0
253,com.thefinestartist.finestwebview.FinestWebViewActivity,2,0
254,.view.InitActivity,5,0
255,com.thefinestartist.finestwebview.FinestWebViewActivity,2,0
256,com.thefinestartist.finestwebview.FinestWebViewActivity,0,0
257,com.thefinestartist.finestwebview.FinestWebViewActivity,0,0
258,.view.InitActivity,5,0
259,.view.InitActivity,2,0
260,.view.InitActivity,5,0
261,com.thefinestartist.finestwebview.FinestWebViewActivity,2,0
262,com.thefinestartist.finestwebview.FinestWebViewActivity,7,0
