,0,1,2
0,net.skyscanner.go.activity.OnboardingActivity,1,0
1,net.skyscanner.go.activity.OnboardingActivity,1,0
2,net.skyscanner.go.activity.OnboardingActivity,1,0
3,net.skyscanner.go.activity.OnboardingActivity,1,0
4,net.skyscanner.go.activity.OnboardingActivity,1,0
5,net.skyscanner.go.activity.OnboardingActivity,1,0
6,net.skyscanner.go.activity.OnboardingActivity,6,0
7,net.skyscanner.go.activity.OnboardingActivity,1,0
8,net.skyscanner.go.activity.OnboardingActivity,1,0
9,net.skyscanner.go.activity.OnboardingActivity,1,0
10,net.skyscanner.go.activity.OnboardingActivity,6,0
11,net.skyscanner.go.activity.OnboardingActivity,6,0
12,net.skyscanner.go.activity.OnboardingActivity,1,0
13,net.skyscanner.go.activity.OnboardingActivity,1,0
14,net.skyscanner.go.activity.OnboardingActivity,1,0
15,net.skyscanner.go.activity.OnboardingActivity,6,0
16,net.skyscanner.go.activity.home.HomeActivity,10,0
17,net.skyscanner.go.activity.home.HomeActivity,10,0
18,net.skyscanner.go.activity.home.HomeActivity,5,0
19,net.skyscanner.go.activity.search.AutoSuggestActivity,10,1
20,net.skyscanner.go.inspiration.activity.InspirationActivity,11,0
21,net.skyscanner.go.inspiration.activity.InspirationActivity,11,0
22,net.skyscanner.go.activity.search.AutoSuggestActivity,10,1
23,net.skyscanner.go.inspiration.activity.InspirationActivity,11,0
24,net.skyscanner.go.inspiration.activity.InspirationActivity,11,0
25,net.skyscanner.go.inspiration.activity.InspirationActivity,10,0
26,net.skyscanner.go.inspiration.activity.InspirationActivity,10,0
27,net.skyscanner.go.inspiration.activity.InspirationActivity,13,0
28,net.skyscanner.go.inspiration.activity.InspirationActivity,10,0
29,net.skyscanner.go.dayview.activity.DayViewActivity,24,0
30,net.skyscanner.go.dayview.activity.DayViewActivity,13,0
31,net.skyscanner.go.inspiration.activity.InspirationActivity,10,0
32,net.skyscanner.go.dayview.activity.DayViewActivity,9,0
33,net.skyscanner.go.dayview.activity.DayViewActivity,19,0
34,net.skyscanner.go.dayview.activity.DayViewActivity,13,0
35,net.skyscanner.go.activity.OnboardingActivity,1,0
36,net.skyscanner.go.activity.OnboardingActivity,1,0
37,net.skyscanner.go.activity.OnboardingActivity,6,0
38,net.skyscanner.go.activity.OnboardingActivity,1,0
39,net.skyscanner.go.activity.home.HomeActivity,5,0
40,net.skyscanner.go.activity.home.HomeActivity,13,0
41,net.skyscanner.go.activity.home.HomeActivity,10,0
42,net.skyscanner.go.activity.home.HomeActivity,10,0
43,net.skyscanner.go.activity.home.HomeActivity,10,0
44,net.skyscanner.go.activity.home.HomeActivity,10,0
45,net.skyscanner.go.activity.home.HomeActivity,11,0
46,net.skyscanner.go.activity.home.HomeActivity,5,0
47,net.skyscanner.go.attachments.hotels.results.userinterface.activity.HotelsDayViewActivity,10,0
48,net.skyscanner.go.attachments.hotels.results.userinterface.activity.HotelsDayViewActivity,10,0
49,net.skyscanner.go.attachments.hotels.results.userinterface.activity.HotelsDayViewActivity,10,0
50,net.skyscanner.go.attachments.hotels.results.userinterface.activity.HotelsDayViewActivity,10,0
51,net.skyscanner.go.attachments.hotels.results.userinterface.activity.HotelsDayViewActivity,19,0
52,net.skyscanner.go.attachments.hotels.results.userinterface.activity.HotelsDayViewActivity,19,0
53,net.skyscanner.go.attachments.hotels.results.userinterface.activity.HotelsDayViewActivity,19,0
54,net.skyscanner.go.attachments.hotels.results.userinterface.activity.HotelsDayViewActivity,20,0
55,net.skyscanner.go.attachments.hotels.results.userinterface.activity.HotelsDayViewActivity,19,0
56,net.skyscanner.go.attachments.hotels.results.userinterface.activity.HotelsDayViewActivity,19,0
57,net.skyscanner.go.attachments.hotels.results.userinterface.activity.HotelsDayViewActivity,19,0
58,net.skyscanner.go.activity.home.HomeActivity,5,0
59,net.skyscanner.go.activity.home.HomeActivity,5,0
60,net.skyscanner.go.dayview.activity.DayViewActivity,15,0
61,net.skyscanner.go.dayview.activity.DayViewActivity,14,0
62,net.skyscanner.go.dayview.activity.DayViewActivity,14,0
63,net.skyscanner.go.dayview.activity.DayViewActivity,14,1
64,net.skyscanner.go.dayview.activity.DayViewActivity,14,1
65,net.skyscanner.go.dayview.activity.DayViewActivity,14,0
66,net.skyscanner.go.dayview.activity.DayViewActivity,14,0
67,net.skyscanner.go.dayview.activity.DayViewActivity,14,0
68,net.skyscanner.go.dayview.activity.DayViewActivity,14,0
69,net.skyscanner.go.dayview.activity.DayViewActivity,15,0
70,net.skyscanner.go.dayview.activity.DayViewActivity,15,0
71,net.skyscanner.go.dayview.activity.DayViewActivity,15,0
72,net.skyscanner.go.dayview.activity.DayViewActivity,29,0
73,net.skyscanner.go.dayview.activity.DayViewActivity,29,0
74,net.skyscanner.go.dayview.activity.DayViewActivity,29,0
75,net.skyscanner.go.activity.home.HomeActivity,5,0
76,net.skyscanner.go.activity.home.HomeActivity,5,0
77,net.skyscanner.go.activity.search.AutoSuggestActivity,10,1
78,net.skyscanner.go.activity.search.AutoSuggestActivity,7,1
79,net.skyscanner.go.activity.search.AutoSuggestActivity,7,1
80,net.skyscanner.go.activity.search.AutoSuggestActivity,7,1
81,net.skyscanner.go.activity.OnboardingActivity,1,0
82,net.skyscanner.go.activity.OnboardingActivity,1,0
83,net.skyscanner.go.activity.OnboardingActivity,6,0
84,net.skyscanner.go.activity.OnboardingActivity,0,0
85,net.skyscanner.go.activity.home.HomeActivity,5,0
86,net.skyscanner.go.activity.home.HomeActivity,5,0
87,net.skyscanner.go.attachment.carhire.dayview.userinterface.activity.CarHireDayViewActivity,11,0
88,net.skyscanner.go.attachment.carhire.dayview.userinterface.activity.CarHireDayViewActivity,12,0
89,net.skyscanner.go.attachment.carhire.dayview.userinterface.activity.CarHireDayViewActivity,12,0
90,net.skyscanner.go.attachment.carhire.dayview.userinterface.activity.CarHireDayViewActivity,22,0
91,net.skyscanner.go.attachment.carhire.dayview.userinterface.activity.CarHireDayViewActivity,19,0
92,net.skyscanner.go.attachment.carhire.dayview.userinterface.activity.CarHireDayViewActivity,19,0
93,net.skyscanner.go.attachment.carhire.dayview.userinterface.activity.CarHireDayViewActivity,19,0
94,net.skyscanner.go.attachment.carhire.dayview.userinterface.activity.CarHireDayViewActivity,19,0
95,net.skyscanner.go.activity.home.HomeActivity,10,0
96,net.skyscanner.go.activity.home.HomeActivity,5,0
97,net.skyscanner.go.activity.home.HomeActivity,5,0
98,net.skyscanner.go.activity.home.HomeActivity,5,0
99,net.skyscanner.go.attachment.carhire.dayview.userinterface.activity.CarHireDayViewActivity,11,0
100,net.skyscanner.go.activity.home.HomeActivity,5,0
101,net.skyscanner.go.activity.home.HomeActivity,5,0
102,net.skyscanner.go.activity.search.AutoSuggestActivity,10,1
103,net.skyscanner.go.inspiration.activity.InspirationActivity,11,0
104,net.skyscanner.go.activity.search.AutoSuggestActivity,10,1
105,net.skyscanner.go.activity.search.AutoSuggestActivity,10,1
106,net.skyscanner.go.activity.home.HomeActivity,5,0
107,net.skyscanner.go.attachment.carhire.dayview.userinterface.activity.CarHireDayViewActivity,11,0
108,net.skyscanner.go.attachment.carhire.dayview.userinterface.activity.CarHireDayViewActivity,12,0
109,net.skyscanner.go.attachment.carhire.dayview.userinterface.activity.CarHireDayViewActivity,12,0
110,net.skyscanner.go.attachment.carhire.dayview.userinterface.activity.CarHireDayViewActivity,12,0
111,net.skyscanner.go.attachment.carhire.dayview.userinterface.activity.CarHireDayViewActivity,12,0
112,net.skyscanner.go.attachment.carhire.dayview.userinterface.activity.CarHireDayViewActivity,13,1
113,net.skyscanner.go.attachment.carhire.dayview.userinterface.activity.CarHireDayViewActivity,12,0
114,net.skyscanner.go.attachment.carhire.dayview.userinterface.activity.CarHireDayViewActivity,12,0
115,net.skyscanner.go.attachment.carhire.dayview.userinterface.activity.CarHireDayViewActivity,12,0
116,net.skyscanner.go.attachment.carhire.dayview.userinterface.activity.CarHireDayViewActivity,12,0
117,net.skyscanner.go.activity.home.HomeActivity,5,0
118,net.skyscanner.go.activity.home.HomeActivity,13,0
119,net.skyscanner.go.activity.SettingsActivity,8,0
120,net.skyscanner.go.activity.home.HomeActivity,5,0
121,net.skyscanner.go.activity.home.HomeActivity,13,0
122,net.skyscanner.go.activity.home.HomeActivity,7,0
123,net.skyscanner.go.activity.OnboardingActivity,1,0
124,net.skyscanner.go.activity.home.HomeActivity,5,0
125,net.skyscanner.go.activity.home.HomeActivity,5,0
126,net.skyscanner.go.activity.home.HomeActivity,13,0
127,net.skyscanner.go.activity.home.HomeActivity,13,0
128,net.skyscanner.go.activity.home.HomeActivity,13,0
129,net.skyscanner.go.activity.WatchedFlightsActivity,1,0
130,net.skyscanner.go.activity.home.HomeActivity,5,0
131,net.skyscanner.go.dayview.activity.DayViewActivity,15,0
132,net.skyscanner.go.dayview.activity.DayViewActivity,29,0
133,net.skyscanner.go.dayview.activity.DayViewActivity,29,0
134,net.skyscanner.go.dayview.activity.DayViewActivity,29,0
135,net.skyscanner.go.dayview.activity.DayViewActivity,29,0
136,net.skyscanner.go.dayview.activity.DayViewActivity,29,0
137,net.skyscanner.go.dayview.activity.DayViewActivity,29,0
138,net.skyscanner.go.dayview.activity.DayViewActivity,29,0
139,net.skyscanner.go.dayview.activity.DayViewActivity,29,0
140,net.skyscanner.go.dayview.activity.DayViewActivity,15,0
141,net.skyscanner.go.activity.home.HomeActivity,10,0
142,net.skyscanner.go.activity.home.HomeActivity,5,0
143,net.skyscanner.go.dayview.activity.DayViewActivity,15,0
144,net.skyscanner.go.dayview.activity.DayViewActivity,15,0
145,net.skyscanner.go.dayview.activity.DayViewActivity,15,0
146,net.skyscanner.go.dayview.activity.DayViewActivity,15,0
147,net.skyscanner.go.dayview.activity.DayViewActivity,15,0
148,net.skyscanner.go.dayview.activity.DayViewActivity,14,0
149,net.skyscanner.go.dayview.activity.DayViewActivity,14,0
150,net.skyscanner.go.dayview.activity.DayViewActivity,19,1
151,net.skyscanner.go.dayview.activity.DayViewActivity,14,0
152,net.skyscanner.go.dayview.activity.DayViewActivity,28,0
153,net.skyscanner.go.dayview.activity.DayViewActivity,14,0
154,net.skyscanner.go.dayview.activity.DayViewActivity,28,0
155,net.skyscanner.go.dayview.activity.DayViewActivity,28,0
156,net.skyscanner.go.dayview.activity.DayViewActivity,28,0
157,net.skyscanner.go.dayview.activity.DayViewActivity,28,0
158,net.skyscanner.go.activity.home.HomeActivity,5,0
159,net.skyscanner.go.activity.search.AutoSuggestActivity,10,1
160,net.skyscanner.go.inspiration.activity.InspirationActivity,11,0
161,net.skyscanner.go.activity.search.AutoSuggestActivity,10,1
162,net.skyscanner.go.inspiration.activity.InspirationActivity,13,0
163,net.skyscanner.go.inspiration.activity.InspirationActivity,15,0
164,net.skyscanner.go.inspiration.activity.InspirationActivity,10,0
165,net.skyscanner.go.inspiration.activity.InspirationActivity,10,0
166,net.skyscanner.go.inspiration.activity.InspirationActivity,8,0
167,net.skyscanner.go.inspiration.activity.InspirationActivity,8,0
168,net.skyscanner.go.inspiration.activity.InspirationActivity,8,0
169,net.skyscanner.go.inspiration.activity.InspirationActivity,8,0
170,net.skyscanner.go.inspiration.activity.InspirationActivity,10,0
171,net.skyscanner.go.inspiration.activity.InspirationActivity,10,0
172,net.skyscanner.go.inspiration.activity.InspirationActivity,15,0
173,net.skyscanner.go.activity.search.AutoSuggestActivity,6,1
174,net.skyscanner.go.inspiration.activity.InspirationActivity,13,0
175,net.skyscanner.go.inspiration.activity.InspirationOptionsActivity,11,0
176,net.skyscanner.go.inspiration.activity.InspirationOptionsActivity,11,0
177,net.skyscanner.go.inspiration.activity.InspirationOptionsActivity,11,0
178,net.skyscanner.go.inspiration.activity.InspirationOptionsActivity,11,0
179,net.skyscanner.go.inspiration.activity.InspirationOptionsActivity,11,0
180,net.skyscanner.go.inspiration.activity.InspirationOptionsActivity,11,0
181,net.skyscanner.go.activity.home.HomeActivity,5,0
182,net.skyscanner.go.activity.home.HomeActivity,13,0
183,net.skyscanner.go.activity.home.HomeActivity,13,0
184,net.skyscanner.go.activity.IdentityActivity,6,0
185,net.skyscanner.go.activity.home.HomeActivity,5,0
186,net.skyscanner.go.attachments.hotels.results.userinterface.activity.HotelsDayViewActivity,10,0
187,net.skyscanner.go.attachments.hotels.results.userinterface.activity.HotelsDayViewActivity,10,0
188,net.skyscanner.go.attachments.hotels.results.userinterface.activity.HotelsDayViewActivity,10,0
189,net.skyscanner.go.attachments.hotels.results.userinterface.activity.HotelsDayViewActivity,10,0
190,net.skyscanner.go.attachments.hotels.results.userinterface.activity.HotelsDayViewActivity,10,0
191,net.skyscanner.go.attachments.hotels.results.userinterface.activity.HotelsDayViewActivity,19,0
192,net.skyscanner.go.attachments.hotels.results.userinterface.activity.HotelsDayViewActivity,19,0
193,net.skyscanner.go.attachments.hotels.results.userinterface.activity.HotelsDayViewActivity,10,0
194,net.skyscanner.go.attachments.hotels.results.userinterface.activity.HotelsDayViewActivity,10,0
195,net.skyscanner.go.attachments.hotels.results.userinterface.activity.HotelsDayViewActivity,10,0
196,net.skyscanner.go.attachments.hotels.results.userinterface.activity.HotelsDayViewActivity,4,0
197,net.skyscanner.go.attachments.hotels.results.userinterface.activity.HotelsDayViewActivity,10,0
198,net.skyscanner.go.attachments.hotels.results.userinterface.activity.HotelsDayViewActivity,11,1
199,net.skyscanner.go.attachments.hotels.results.userinterface.activity.HotelsDayViewActivity,11,1
200,net.skyscanner.go.activity.home.HomeActivity,7,0
201,net.skyscanner.go.activity.home.HomeActivity,2,0
202,net.skyscanner.go.activity.home.HomeActivity,5,0
203,net.skyscanner.go.attachment.carhire.dayview.userinterface.activity.CarHireDayViewActivity,11,0
204,net.skyscanner.go.attachment.carhire.dayview.userinterface.activity.CarHireDayViewActivity,12,0
205,net.skyscanner.go.attachment.carhire.dayview.userinterface.activity.CarHireDayViewActivity,22,0
206,net.skyscanner.go.attachment.carhire.dayview.userinterface.activity.CarHireDayViewActivity,22,0
207,net.skyscanner.go.attachment.carhire.dayview.userinterface.activity.CarHireDayViewActivity,5,2
208,net.skyscanner.go.attachment.carhire.dayview.userinterface.activity.CarHireDayViewActivity,5,2
209,net.skyscanner.go.attachment.carhire.dayview.userinterface.activity.CarHireDayViewActivity,5,2
210,net.skyscanner.go.attachment.carhire.dayview.userinterface.activity.CarHireDayViewActivity,22,0
211,net.skyscanner.go.attachment.carhire.dayview.userinterface.activity.CarHireDayViewActivity,22,0
212,net.skyscanner.go.attachment.carhire.dayview.userinterface.activity.CarHireDayViewActivity,22,0
213,net.skyscanner.go.attachment.carhire.dayview.userinterface.activity.CarHireDayViewActivity,12,0
214,net.skyscanner.go.attachment.carhire.dayview.userinterface.activity.CarHireDayViewActivity,12,0
215,net.skyscanner.go.attachment.carhire.dayview.userinterface.activity.CarHireDayViewActivity,12,0
216,net.skyscanner.go.attachment.carhire.dayview.userinterface.activity.CarHireDayViewActivity,22,0
217,net.skyscanner.go.activity.home.HomeActivity,5,0
218,net.skyscanner.go.attachments.hotels.results.userinterface.activity.HotelsDayViewActivity,10,0
219,net.skyscanner.go.attachments.hotels.results.userinterface.activity.HotelsDayViewActivity,10,0
220,net.skyscanner.go.attachments.hotels.results.userinterface.activity.HotelsDayViewActivity,11,1
221,net.skyscanner.go.attachments.hotels.results.userinterface.activity.HotelsDayViewActivity,16,1
222,net.skyscanner.go.attachments.hotels.results.userinterface.activity.HotelsDayViewActivity,20,1
223,net.skyscanner.go.attachments.hotels.results.userinterface.activity.HotelsDayViewActivity,10,0
224,net.skyscanner.go.attachments.hotels.results.userinterface.activity.HotelsDayViewActivity,10,0
225,net.skyscanner.go.attachments.hotels.results.userinterface.activity.HotelsDayViewActivity,4,0
226,net.skyscanner.go.attachments.hotels.results.userinterface.activity.HotelsDayViewActivity,5,0
227,net.skyscanner.go.attachments.hotels.results.userinterface.activity.HotelsDayViewActivity,4,0
228,net.skyscanner.go.attachments.hotels.results.userinterface.activity.HotelsDayViewActivity,10,0
229,net.skyscanner.go.attachments.hotels.results.userinterface.activity.HotelsDayViewActivity,16,1
230,net.skyscanner.go.attachments.hotels.results.userinterface.activity.HotelsDayViewActivity,16,1
231,net.skyscanner.go.attachments.hotels.results.userinterface.activity.HotelsDayViewActivity,10,0
232,net.skyscanner.go.attachments.hotels.results.userinterface.activity.HotelsDayViewActivity,4,0
233,net.skyscanner.go.activity.home.HomeActivity,5,0
234,net.skyscanner.go.dayview.activity.DayViewActivity,15,0
235,net.skyscanner.go.activity.home.HomeActivity,5,0
236,net.skyscanner.go.attachment.carhire.dayview.userinterface.activity.CarHireDayViewActivity,11,0
237,net.skyscanner.go.activity.home.HomeActivity,5,0
238,net.skyscanner.go.activity.home.HomeActivity,5,0
239,net.skyscanner.go.activity.home.HomeActivity,5,0
240,net.skyscanner.go.attachment.carhire.dayview.userinterface.activity.CarHireDayViewActivity,11,0
241,net.skyscanner.go.attachment.carhire.dayview.userinterface.activity.CarHireDayViewActivity,11,0
242,net.skyscanner.go.activity.home.HomeActivity,5,0
243,net.skyscanner.go.activity.home.HomeActivity,5,0
244,net.skyscanner.go.activity.home.HomeActivity,5,0
245,net.skyscanner.go.activity.home.HomeActivity,13,0
246,net.skyscanner.go.activity.home.HomeActivity,13,0
247,net.skyscanner.go.activity.AboutActivity,7,0
248,net.skyscanner.go.activity.OnboardingActivity,1,0
249,net.skyscanner.go.activity.OnboardingActivity,1,0
250,net.skyscanner.go.activity.OnboardingActivity,6,0
251,com.facebook.FacebookActivity,0,0
252,net.skyscanner.go.activity.OnboardingActivity,6,0
253,net.skyscanner.go.activity.OnboardingActivity,1,0
254,net.skyscanner.go.activity.OnboardingActivity,1,0
255,net.skyscanner.go.activity.OnboardingActivity,6,0
256,net.skyscanner.go.activity.OnboardingActivity,1,0
257,net.skyscanner.go.activity.OnboardingActivity,1,0
258,net.skyscanner.go.activity.OnboardingActivity,6,0
259,net.skyscanner.go.activity.OnboardingActivity,6,0
260,net.skyscanner.go.activity.OnboardingActivity,0,0
261,net.skyscanner.go.activity.home.HomeActivity,5,0
262,net.skyscanner.go.dayview.activity.DayViewActivity,15,0
263,net.skyscanner.go.activity.home.HomeActivity,10,0
264,net.skyscanner.go.activity.home.HomeActivity,10,0
265,net.skyscanner.go.activity.home.HomeActivity,10,0
266,net.skyscanner.go.activity.home.HomeActivity,10,0
267,net.skyscanner.go.activity.home.HomeActivity,10,0
268,net.skyscanner.go.activity.home.HomeActivity,5,0
269,net.skyscanner.go.activity.search.AutoSuggestActivity,10,1
270,net.skyscanner.go.activity.search.AutoSuggestActivity,7,1
271,net.skyscanner.go.activity.home.HomeActivity,5,0
272,net.skyscanner.go.dayview.activity.DayViewActivity,15,0
273,net.skyscanner.go.dayview.activity.DayViewActivity,15,0
274,net.skyscanner.go.dayview.activity.DayViewActivity,9,0
275,net.skyscanner.go.dayview.activity.DayViewActivity,9,0
276,net.skyscanner.go.dayview.activity.DayViewActivity,8,0
277,net.skyscanner.go.dayview.activity.DayViewActivity,9,0
278,net.skyscanner.go.dayview.activity.DayViewActivity,15,0
279,net.skyscanner.go.dayview.activity.DayViewActivity,15,1
280,net.skyscanner.go.dayview.activity.DayViewActivity,15,1
281,net.skyscanner.go.dayview.activity.DayViewActivity,16,1
282,net.skyscanner.go.activity.home.HomeActivity,5,0
283,net.skyscanner.go.attachment.carhire.dayview.userinterface.activity.CarHireDayViewActivity,11,0
284,net.skyscanner.go.attachment.carhire.dayview.userinterface.activity.CarHireDayViewActivity,1,0
285,net.skyscanner.go.attachment.carhire.dayview.userinterface.activity.CarHireDayViewActivity,11,0
286,net.skyscanner.go.attachment.carhire.dayview.userinterface.activity.CarHireDayViewActivity,21,0
287,net.skyscanner.go.attachment.carhire.dayview.userinterface.activity.CarHireDayViewActivity,18,0
288,net.skyscanner.go.attachment.carhire.dayview.userinterface.activity.CarHireDayViewActivity,18,0
289,net.skyscanner.go.attachment.carhire.dayview.userinterface.activity.CarHireDayViewActivity,5,2
290,net.skyscanner.go.attachment.carhire.dayview.userinterface.activity.CarHireDayViewActivity,5,2
