,0,1,2
0,net.skyscanner.go.activity.home.HomeActivity,5,0
1,net.skyscanner.go.activity.home.HomeActivity,5,0
2,net.skyscanner.go.activity.search.AutoSuggestActivity,10,1
3,net.skyscanner.go.activity.search.AutoSuggestActivity,12,1
4,net.skyscanner.go.inspiration.activity.InspirationActivity,11,0
5,net.skyscanner.go.inspiration.activity.InspirationActivity,13,0
6,net.skyscanner.go.inspiration.activity.InspirationActivity,10,0
7,net.skyscanner.go.inspiration.activity.InspirationActivity,10,0
8,net.skyscanner.go.inspiration.activity.InspirationActivity,10,0
9,net.skyscanner.go.dayview.activity.DayViewActivity,28,0
10,net.skyscanner.go.dayview.activity.DayViewActivity,17,0
11,net.skyscanner.go.dayview.activity.DayViewActivity,22,0
12,net.skyscanner.go.dayview.activity.DayViewActivity,22,1
13,net.skyscanner.go.dayview.activity.DayViewActivity,26,1
14,net.skyscanner.go.dayview.activity.DayViewActivity,22,0
15,net.skyscanner.go.dayview.activity.DayViewActivity,17,0
16,net.skyscanner.go.dayview.activity.DayViewActivity,18,0
17,net.skyscanner.go.bookingdetails.activity.BookingDetailsActivity,12,0
18,net.skyscanner.go.bookingdetails.activity.BookingDetailsActivity,8,0
19,net.skyscanner.go.bookingdetails.activity.BookingDetailsActivity,14,0
20,net.skyscanner.go.activity.OnboardingActivity,1,0
21,net.skyscanner.go.activity.home.HomeActivity,10,0
22,net.skyscanner.go.activity.home.HomeActivity,5,0
23,net.skyscanner.go.activity.home.HomeActivity,5,0
24,net.skyscanner.go.dayview.activity.DayViewActivity,15,0
25,net.skyscanner.go.dayview.activity.DayViewActivity,29,0
26,net.skyscanner.go.dayview.activity.DayViewActivity,29,0
27,net.skyscanner.go.dayview.activity.DayViewActivity,29,0
28,net.skyscanner.go.dayview.activity.DayViewActivity,29,0
29,net.skyscanner.go.dayview.activity.DayViewActivity,29,0
30,net.skyscanner.go.dayview.activity.DayViewActivity,28,0
31,net.skyscanner.go.dayview.activity.DayViewActivity,28,0
32,net.skyscanner.go.dayview.activity.DayViewActivity,15,0
33,net.skyscanner.go.dayview.activity.DayViewActivity,15,1
34,net.skyscanner.go.dayview.activity.DayViewActivity,15,0
35,net.skyscanner.go.dayview.activity.DayViewActivity,15,0
36,net.skyscanner.go.dayview.activity.DayViewActivity,15,0
37,net.skyscanner.go.dayview.activity.DayViewActivity,15,0
38,net.skyscanner.go.activity.home.HomeActivity,5,0
39,net.skyscanner.go.dayview.activity.DayViewActivity,15,0
40,net.skyscanner.go.dayview.activity.DayViewActivity,15,0
41,net.skyscanner.go.dayview.activity.DayViewActivity,15,1
42,net.skyscanner.go.dayview.activity.DayViewActivity,15,0
43,net.skyscanner.go.dayview.activity.DayViewActivity,9,0
44,net.skyscanner.go.dayview.activity.DayViewActivity,9,0
45,net.skyscanner.go.dayview.activity.DayViewActivity,9,0
46,net.skyscanner.go.dayview.activity.DayViewActivity,15,0
47,net.skyscanner.go.dayview.activity.DayViewActivity,15,0
48,net.skyscanner.go.activity.home.HomeActivity,5,0
49,net.skyscanner.go.attachments.hotels.results.userinterface.activity.HotelsDayViewActivity,10,0
50,net.skyscanner.go.attachments.hotels.results.userinterface.activity.HotelsDayViewActivity,11,1
51,net.skyscanner.go.attachments.hotels.results.userinterface.activity.HotelsDayViewActivity,10,0
52,net.skyscanner.go.activity.home.HomeActivity,5,0
53,net.skyscanner.go.activity.home.HomeActivity,13,0
54,net.skyscanner.go.activity.home.HomeActivity,13,0
55,net.skyscanner.go.activity.home.HomeActivity,13,0
56,net.skyscanner.go.activity.BoardListActivity,1,0
57,net.skyscanner.go.activity.home.HomeActivity,5,0
58,net.skyscanner.go.activity.home.HomeActivity,13,0
59,net.skyscanner.go.activity.BoardListActivity,1,0
60,net.skyscanner.go.activity.home.HomeActivity,5,0
61,net.skyscanner.go.activity.search.AutoSuggestActivity,10,1
62,net.skyscanner.go.inspiration.activity.InspirationActivity,11,0
63,net.skyscanner.go.inspiration.activity.InspirationActivity,11,0
64,net.skyscanner.go.activity.home.HomeActivity,7,0
65,net.skyscanner.go.activity.home.HomeActivity,3,0
66,net.skyscanner.go.activity.home.HomeActivity,5,0
67,net.skyscanner.go.attachment.carhire.dayview.userinterface.activity.CarHireDayViewActivity,11,0
68,net.skyscanner.go.attachment.carhire.dayview.userinterface.activity.CarHireDayViewActivity,12,0
69,net.skyscanner.go.attachment.carhire.dayview.userinterface.activity.CarHireDayViewActivity,22,0
70,net.skyscanner.go.attachment.carhire.dayview.userinterface.activity.CarHireDayViewActivity,23,0
71,net.skyscanner.go.attachment.carhire.dayview.userinterface.activity.CarHireDayViewActivity,23,0
72,net.skyscanner.go.attachment.carhire.dayview.userinterface.activity.CarHireDayViewActivity,23,0
73,net.skyscanner.go.attachment.carhire.dayview.userinterface.activity.CarHireDayViewActivity,23,0
74,net.skyscanner.go.attachment.carhire.dayview.userinterface.activity.CarHireDayViewActivity,23,0
75,net.skyscanner.go.attachment.carhire.dayview.userinterface.activity.CarHireDayViewActivity,23,0
76,net.skyscanner.go.attachment.carhire.dayview.userinterface.activity.CarHireDayViewActivity,12,0
77,net.skyscanner.go.attachment.carhire.dayview.userinterface.activity.CarHireDayViewActivity,13,1
78,net.skyscanner.go.attachment.carhire.dayview.userinterface.activity.CarHireDayViewActivity,12,0
79,net.skyscanner.go.attachment.carhire.dayview.userinterface.activity.CarHireDayViewActivity,13,1
80,net.skyscanner.go.attachment.carhire.dayview.userinterface.activity.CarHireDayViewActivity,13,1
81,net.skyscanner.go.activity.home.HomeActivity,5,0
82,net.skyscanner.go.attachments.hotels.results.userinterface.activity.HotelsDayViewActivity,10,0
83,net.skyscanner.go.attachments.hotels.results.userinterface.activity.HotelsDayViewActivity,10,0
84,net.skyscanner.go.attachments.hotels.results.userinterface.activity.HotelsDayViewActivity,10,0
85,net.skyscanner.go.attachments.hotels.results.userinterface.activity.HotelsDayViewActivity,10,0
86,net.skyscanner.go.attachments.hotels.results.userinterface.activity.HotelsDayViewActivity,11,1
87,net.skyscanner.go.attachments.hotels.results.userinterface.activity.HotelsDayViewActivity,10,0
88,net.skyscanner.go.attachments.hotels.results.userinterface.activity.HotelsDayViewActivity,11,1
89,net.skyscanner.go.attachments.hotels.results.userinterface.activity.HotelsDayViewActivity,10,0
90,net.skyscanner.go.attachments.hotels.results.userinterface.activity.HotelsDayViewActivity,10,0
91,net.skyscanner.go.attachments.hotels.results.userinterface.activity.HotelsDayViewActivity,10,0
92,net.skyscanner.go.attachments.hotels.results.userinterface.activity.HotelsDayViewActivity,10,0
93,net.skyscanner.go.attachments.hotels.results.userinterface.activity.HotelsDayViewActivity,10,0
94,net.skyscanner.go.attachments.hotels.results.userinterface.activity.HotelsDayViewActivity,19,0
95,net.skyscanner.go.attachments.hotels.results.userinterface.activity.HotelsDayViewActivity,19,0
96,net.skyscanner.go.attachments.hotels.results.userinterface.activity.HotelsDayViewActivity,2,0
97,net.skyscanner.go.attachments.hotels.results.userinterface.activity.HotelsDayViewActivity,19,0
98,net.skyscanner.go.activity.home.HomeActivity,5,0
99,net.skyscanner.go.attachment.carhire.dayview.userinterface.activity.CarHireDayViewActivity,11,0
100,net.skyscanner.go.attachment.carhire.dayview.userinterface.activity.CarHireDayViewActivity,11,0
101,net.skyscanner.go.attachment.carhire.dayview.userinterface.activity.CarHireDayViewActivity,11,0
102,net.skyscanner.go.attachment.carhire.dayview.userinterface.activity.CarHireDayViewActivity,11,0
103,net.skyscanner.go.attachment.carhire.dayview.userinterface.activity.CarHireDayViewActivity,21,0
104,net.skyscanner.go.attachment.carhire.dayview.userinterface.activity.CarHireDayViewActivity,21,0
105,net.skyscanner.go.attachment.carhire.dayview.userinterface.activity.CarHireDayViewActivity,21,0
106,net.skyscanner.go.attachment.carhire.dayview.userinterface.activity.CarHireDayViewActivity,21,0
107,net.skyscanner.go.attachment.carhire.dayview.userinterface.activity.CarHireDayViewActivity,21,0
108,net.skyscanner.go.attachment.carhire.dayview.userinterface.activity.CarHireDayViewActivity,21,0
109,net.skyscanner.go.attachment.carhire.dayview.userinterface.activity.CarHireDayViewActivity,21,0
110,net.skyscanner.go.attachment.carhire.dayview.userinterface.activity.CarHireDayViewActivity,21,0
111,net.skyscanner.go.attachment.carhire.dayview.userinterface.activity.CarHireDayViewActivity,11,0
112,net.skyscanner.go.attachment.carhire.dayview.userinterface.activity.CarHireDayViewActivity,21,0
113,net.skyscanner.go.attachment.carhire.dayview.userinterface.activity.CarHireDayViewActivity,21,0
114,net.skyscanner.go.attachment.carhire.dayview.userinterface.activity.CarHireDayViewActivity,22,0
115,net.skyscanner.go.activity.home.HomeActivity,5,0
116,net.skyscanner.go.activity.home.HomeActivity,5,0
117,net.skyscanner.go.activity.home.HomeActivity,5,0
118,net.skyscanner.go.activity.search.AutoSuggestActivity,10,1
119,net.skyscanner.go.activity.home.HomeActivity,5,0
120,net.skyscanner.go.activity.home.HomeActivity,5,0
121,net.skyscanner.go.attachment.carhire.dayview.userinterface.activity.CarHireDayViewActivity,11,0
122,net.skyscanner.go.attachment.carhire.dayview.userinterface.activity.CarHireDayViewActivity,12,1
123,net.skyscanner.go.attachment.carhire.dayview.userinterface.activity.CarHireDayViewActivity,11,0
124,net.skyscanner.go.activity.home.HomeActivity,5,0
125,net.skyscanner.go.activity.home.HomeActivity,13,0
126,net.skyscanner.go.activity.IdentityActivity,6,0
127,com.facebook.FacebookActivity,0,0
128,com.facebook.FacebookActivity,16,2
129,com.facebook.FacebookActivity,6,2
130,net.skyscanner.go.activity.IdentityActivity,6,0
131,net.skyscanner.go.activity.OnboardingActivity,1,0
132,net.skyscanner.go.activity.OnboardingActivity,1,0
133,net.skyscanner.go.activity.OnboardingActivity,1,0
134,net.skyscanner.go.activity.OnboardingActivity,6,0
135,net.skyscanner.go.activity.OnboardingActivity,1,0
136,net.skyscanner.go.activity.OnboardingActivity,1,0
137,net.skyscanner.go.activity.OnboardingActivity,1,0
138,net.skyscanner.go.activity.OnboardingActivity,1,0
139,net.skyscanner.go.activity.home.HomeActivity,10,0
140,net.skyscanner.go.activity.home.HomeActivity,10,0
141,net.skyscanner.go.activity.home.HomeActivity,10,0
142,net.skyscanner.go.activity.home.HomeActivity,10,0
143,net.skyscanner.go.activity.home.HomeActivity,10,0
144,net.skyscanner.go.activity.home.HomeActivity,10,0
145,net.skyscanner.go.activity.home.HomeActivity,10,0
146,net.skyscanner.go.activity.home.HomeActivity,5,0
147,net.skyscanner.go.dayview.activity.DayViewActivity,15,0
148,net.skyscanner.go.dayview.activity.DayViewActivity,15,0
149,net.skyscanner.go.dayview.activity.DayViewActivity,29,0
150,net.skyscanner.go.dayview.activity.DayViewActivity,28,0
151,net.skyscanner.go.dayview.activity.DayViewActivity,28,0
152,net.skyscanner.go.dayview.activity.DayViewActivity,15,0
153,net.skyscanner.go.dayview.activity.DayViewActivity,20,1
154,net.skyscanner.go.dayview.activity.DayViewActivity,21,1
155,net.skyscanner.go.dayview.activity.DayViewActivity,21,1
156,net.skyscanner.go.activity.home.HomeActivity,5,0
157,net.skyscanner.go.activity.home.HomeActivity,13,0
158,net.skyscanner.go.activity.home.HomeActivity,13,0
159,net.skyscanner.go.activity.home.HomeActivity,13,0
160,net.skyscanner.go.activity.home.HomeActivity,5,0
161,net.skyscanner.go.activity.search.AutoSuggestActivity,10,1
162,net.skyscanner.go.activity.search.AutoSuggestActivity,7,1
163,net.skyscanner.go.activity.home.HomeActivity,5,0
164,net.skyscanner.go.activity.home.HomeActivity,5,0
165,net.skyscanner.go.activity.OnboardingActivity,1,0
166,net.skyscanner.go.activity.OnboardingActivity,1,0
167,net.skyscanner.go.activity.OnboardingActivity,1,0
168,net.skyscanner.go.activity.OnboardingActivity,6,0
169,net.skyscanner.go.activity.OnboardingActivity,1,0
170,net.skyscanner.go.activity.home.HomeActivity,5,0
171,net.skyscanner.go.activity.home.HomeActivity,5,0
172,net.skyscanner.go.activity.home.HomeActivity,5,0
173,net.skyscanner.go.activity.home.HomeActivity,13,0
174,net.skyscanner.go.activity.home.HomeActivity,13,0
175,net.skyscanner.go.activity.home.HomeActivity,13,0
176,net.skyscanner.go.activity.home.HomeActivity,10,0
177,net.skyscanner.go.activity.home.HomeActivity,10,0
178,net.skyscanner.go.activity.home.HomeActivity,10,0
179,net.skyscanner.go.activity.home.HomeActivity,10,0
180,net.skyscanner.go.activity.home.HomeActivity,10,0
181,net.skyscanner.go.activity.home.HomeActivity,5,0
